filename,kind,mime,url
rphjb_06.mp4,,image/gif,https://www.dropbox.com/s/xndnmq4firkc9lu/rphjb_06.mp4?dl=1
rphjb_3Minuti.mp4,,,https://www.dropbox.com/s/axd2jcti4pxd1n7/rphjb_3Minuti.mp4?dl=1
rphjb_9MesiUscireRientrare.mp3,,,https://www.dropbox.com/s/fwvtyo9vxtxt2p5/rphjb_9MesiUscireRientrare.mp3?dl=1
rphjb_AStronzo.mp3,,,https://www.dropbox.com/sh/xqaatugvq8zcoyu/AABzJ4WK6Jerfso1kdYaYf5ga/rphjb_AStronzo.mp3?dl=1
rphjb_AaaPrendereQuelloLa.mp4,,image/gif,https://www.dropbox.com/s/r1mh9zc2jhdhmdc/rphjb_AaaPrendereQuelloLa.mp4?dl=1
rphjb_AbbiamoVinto.mp4,,image/gif,https://www.dropbox.com/s/9ry4aph6yshdx3y/rphjb_AbbiamoVinto.mp4?dl=1
rphjb_AffanculoManieraPazzesca.mp4,,image/gif,https://www.dropbox.com/s/a63v6grvlspegha/rphjb_AffanculoManieraPazzesca.mp4?dl=1
rphjb_Accordana.mp4,,,https://www.dropbox.com/s/xktj3hu9l1xq8il/rphjb_Accordana.mp4?dl=1
rphjb_AdolfHitler.mp4,,image/gif,https://www.dropbox.com/s/cy9u0s9f4qabsxz/rphjb_AdolfHitler.mp4?dl=1
rphjb_Aiutatemi.mp4,,,https://www.dropbox.com/s/o665m8qfwzbelbj/rphjb_Aiutatemi.mp4?dl=1
rphjb_Aiuto.mp3,,,https://www.dropbox.com/sh/xqaatugvq8zcoyu/AAD30xLIP3MbmKvTqNWSlhaba/rphjb_Aiuto.mp3?dl=1
rphjb_AlbizziePerlaPioggia.mp4,,,https://www.dropbox.com/sh/xqaatugvq8zcoyu/AADUeYuhzWScvCO5OYffD-Vva/rphjb_AlbizziePerlaPioggia.mp4?dl=1
rphjb_Alcesso.mp4,,image/gif,https://www.dropbox.com/s/9ry4aph6yshdx3y/rphjb_AbbiamoVinto.mp4?dl=1
rphjb_Alle22.mp3,,,https://www.dropbox.com/s/z8zcwm5ry95ryj4/rphjb_Alle22.mp3?dl=1
rphjb_Allucinante.mp4,,image/gif,https://www.dropbox.com/s/9ete86p40ghwagd/rphjb_Allucinante.mp4?dl=1
rphjb_AltariFatiscentiRealta.mp3,,,https://www.dropbox.com/sh/xqaatugvq8zcoyu/AAAF7L7GOLJbwCTC_1ikLPYna/rphjb_AltariFatiscentiRealta.mp3?dl=1
rphjb_AltariFatiscentiRealta.mp4,,,https://www.dropbox.com/sh/xqaatugvq8zcoyu/AAADsTiU5YqDQ6RjDzsgnGpLa/rphjb_AltariFatiscentiRealta.mp4?dl=1
rphjb_AmiciVeriVecchiSoldati.mp4,,,https://www.dropbox.com/sh/xqaatugvq8zcoyu/AAAI5WO_x-VrY1yKKBWNbm5ga/rphjb_AmiciVeriVecchiSoldati.mp4?dl=1
rphjb_AmmaestrareIlDolore.mp4,,,https://www.dropbox.com/s/syd0ivnsyq1r5pk/rphjb_AmmaestrareIlDolore.mp4?dl=1
rphjb_Amore.mp4,,,https://www.dropbox.com/sh/xqaatugvq8zcoyu/AACXjoYQjlzaqH7Hn4jYTJSPa/rphjb_Amore.mp4?dl=1
rphjb_AmoreSuonareFreddoBuddistiSchifoso.mp4,,,https://www.dropbox.com/sh/xqaatugvq8zcoyu/AAAsmx5OiUE4SXmeuwR8SZIAa/rphjb_AmoreSuonareFreddoBuddistiSchifoso.mp4?dl=1
rphjb_AncheLaMerda.mp4,,,https://www.dropbox.com/sh/xqaatugvq8zcoyu/AABV0OVcl3KWhTXWWt6P0A4ga/rphjb_AncheLaMerda.mp4?dl=1
rphjb_AncoraNoDirigenti.mp4,,,https://www.dropbox.com/sh/xqaatugvq8zcoyu/AADo3h13sIO77oAGK8LyLB4pa/rphjb_AncoraNoDirigenti.mp4?dl=1
rphjb_AncoraVoi.mp3,,,https://www.dropbox.com/sh/xqaatugvq8zcoyu/AADLmOQzz346CNALN12x-DCNa/rphjb_AncoraVoi.mp3?dl=1
rphjb_AndareAvanti.mp3,,,https://www.dropbox.com/sh/xqaatugvq8zcoyu/AADoQeI6GC71gMuhjJ6Iooh5a/rphjb_AndareAvanti.mp3?dl=1
rphjb_AndareAvanti.mp4,,image/gif,https://www.dropbox.com/s/r1opy52dnm9jwwc/rphjb_AndareAvanti.mp4?dl=1
rphjb_AndateDaRatzinger.mp4,,,https://www.dropbox.com/s/gzbxr0aug0enxqw/rphjb_AndateDaRatzinger.mp4?dl=1
rphjb_AndateDaRatzinger2.mp4,,image/gif,https://www.dropbox.com/s/lbrulvqf9gp5mtl/rphjb_AndateDaRatzinger2.mp4?dl=1
rphjb_AndateDaRatzinger.mp3,,,https://www.dropbox.com/s/90wh0phiwr6acvo/rphjb_AndateDaRatzinger.mp3?dl=1
rphjb_AngeloTrovamelo.mp4,,,https://www.dropbox.com/sh/xqaatugvq8zcoyu/AACqZHNpCVHpgnJJLTswRTiZa/rphjb_AngeloTrovamelo.mp4?dl=1
rphjb_Animali.mp3,,,https://www.dropbox.com/sh/xqaatugvq8zcoyu/AADgdXIhpbWU57v4_jZyc0G3a/rphjb_Animali.mp3?dl=1
rphjb_Applauso.mp3,,,https://www.dropbox.com/sh/xqaatugvq8zcoyu/AAAulvdQnJCj7HyAakkeIhs3a/rphjb_Applauso.mp3?dl=1
rphjb_Applauso.mp4,,image/gif,https://www.dropbox.com/s/n6pt2ui8q2btnv7/rphjb_Applauso.mp4?dl=1
rphjb_Applauso2.mp3,,,https://www.dropbox.com/sh/xqaatugvq8zcoyu/AABAGX2fflNzCXnt7NozStr_a/rphjb_Applauso2.mp3?dl=1
rphjb_ApplausoPiuForte.mp4,,,https://www.dropbox.com/sh/xqaatugvq8zcoyu/AAA4IgcCsFQQJmQibKrXWwDCa/rphjb_ApplausoPiuForte.mp4?dl=1
rphjb_Appuntamento.mp3,,,https://www.dropbox.com/sh/xqaatugvq8zcoyu/AAAafhXspqpRCkWDPZuhv6nua/rphjb_Appuntamento.mp3?dl=1
rphjb_Arigliano.mp4,,image/gif,https://www.dropbox.com/s/ovy6nb47ju68hiv/rphjb_Arigliano.mp4?dl=1
rphjb_Arivato.mp3,,,https://www.dropbox.com/sh/xqaatugvq8zcoyu/AAAz9UuX5YWREQ6ntbf75yBka/rphjb_Arivato.mp3?dl=1
rphjb_Arivato.mp4,,,https://www.dropbox.com/sh/xqaatugvq8zcoyu/AACAt1XRXnijsK-YI3dN-K5ba/rphjb_Arivato.mp4?dl=1
rphjb_ArivatoGif.mp4,,image/gif,https://www.dropbox.com/s/s5oxu48n92wldr8/rphjb_ArivatoGif.mp4?dl=1
rphjb_Assolo.mp3,,,https://www.dropbox.com/sh/xqaatugvq8zcoyu/AAB7HHj0_pB0hJkLS33BlX5Xa/rphjb_Assolo.mp3?dl=1
rphjb_Assolo.mp4,,,https://www.dropbox.com/sh/xqaatugvq8zcoyu/AAD5l-nHGLKQ_IKaqxMGPeLSa/rphjb_Assolo.mp4?dl=1
rphjb_Assolo2.mp4,,,https://www.dropbox.com/sh/xqaatugvq8zcoyu/AADNh4Tq-VqNcf-BjvJWfjk8a/rphjb_Assolo2.mp4?dl=1
rphjb_AssoloBasso.mp4,,,https://www.dropbox.com/sh/xqaatugvq8zcoyu/AAAW4LlrdVsdv8EO2C0RGXiya/rphjb_AssoloBasso.mp4?dl=1
rphjb_AssoloBeat.mp4,,,https://www.dropbox.com/sh/xqaatugvq8zcoyu/AAB8x02iUho9IW_QWJKck0eFa/rphjb_AssoloBeat.mp4?dl=1
rphjb_AssoloSubdolo.mp4,,,https://www.dropbox.com/sh/xqaatugvq8zcoyu/AACmB88x39qHR19LvaAx-yFWa/rphjb_AssoloSubdolo.mp4?dl=1
rphjb_Attenzione.mp3,,,https://www.dropbox.com/sh/xqaatugvq8zcoyu/AAAUMo3KC_1ArKLLin2CbepTa/rphjb_Attenzione.mp3?dl=1
rphjb_Attenzione.mp4,,,https://www.dropbox.com/sh/xqaatugvq8zcoyu/AADkstz170bUsPz7aUSJUme4a/rphjb_Attenzione.mp4?dl=1
rphjb_Audeuirbitaim.mp3,,,https://www.dropbox.com/sh/xqaatugvq8zcoyu/AAA4PK9ExbG6n9LfJL28F2ZSa/rphjb_Audeuirbitaim.mp3?dl=1
rphjb_Audeuirbitaim.mp4,,,https://www.dropbox.com/s/90v3e37hctthit2/rphjb_Audeuirbitaim.mp4?dl=1
rphjb_Audeuirbitaim2.mp3,,,https://www.dropbox.com/sh/xqaatugvq8zcoyu/AACWu-pDRU6-a6NdsQfVMcEFa/rphjb_Audeuirbitaim2.mp3?dl=1
rphjb_AuguriCompleanno.mp4,,,https://www.dropbox.com/s/rdvbg2fhjuonky9/rphjb_AuguriCompleanno.mp4?dl=1
rphjb_AuguriDiNatale.mp4,,,https://www.dropbox.com/s/x88pzcbau50ikg3/rphjb_AuguriDiNatale.mp4?dl=1
rphjb_AuguriPasqua.mp3,,,https://www.dropbox.com/sh/xqaatugvq8zcoyu/AADCuDOvaOYLU4sJKYDJez5Aa/rphjb_AuguriPasqua.mp3?dl=1
rphjb_AuguriPerPasqua.mp4,,,https://www.dropbox.com/sh/xqaatugvq8zcoyu/AAAz0PPEcult-u7mucAbDbRya/rphjb_AuguriPerPasqua.mp4?dl=1
rphjb_Autori.mp4,,image/gif,https://www.dropbox.com/s/w5v8wynim03c6ej/rphjb_Autori.mp4?dl=1
rphjb_AveteCapito.mp3,,,https://www.dropbox.com/sh/xqaatugvq8zcoyu/AABjLSn4taBnPc_QjO_rM6mDa/rphjb_AveteCapito.mp3?dl=1
rphjb_AveteCapito.mp4,,,https://www.dropbox.com/sh/xqaatugvq8zcoyu/AAB46vpXutGq9Cik13Ep2DyJa/rphjb_AveteCapito.mp4?dl=1
rphjb_AveteCapitoComeSempre.mp4,,image/gif,https://www.dropbox.com/s/yh8szg9yuv6s07b/rphjb_AveteCapitoComeSempre.mp4?dl=1
rphjb_AveteCapitoEh.mp4,,image/gif,https://www.dropbox.com/s/wy6ghgb6s5mvxxw/rphjb_AveteCapitoEh.mp4?dl=1
rphjb_Bacio.mp4,,image/gif,https://www.dropbox.com/s/hi5kk3ugs6tygc1/rphjb_Bacio.mp4?dl=1
rphjb_BarzellettaPoliticaGinecologo.mp4,,,https://www.dropbox.com/s/0hjdpz90eqt924r/rphjb_BarzellettaPoliticaGinecologo.mp4?dl=1
rphjb_Bassista.gif,,image/gif,https://www.dropbox.com/sh/xqaatugvq8zcoyu/AADqF-UhnIyo5NmoHtkupjuYa/rphjb_Bassista.gif?dl=1
rphjb_Basso.mp4,,image/gif,https://www.dropbox.com/s/dknap8ulz3jwqhj/rphjb_Basso.mp4?dl=1
rphjb_Basta.mp3,,,https://www.dropbox.com/sh/xqaatugvq8zcoyu/AACZSfogSO0cf1A_Ecvq187Ka/rphjb_Basta.mp3?dl=1
rphjb_Basta.mp4,,,https://www.dropbox.com/sh/xqaatugvq8zcoyu/AADEktlb4uZiBQd1qKNdPHHYa/rphjb_Basta.mp4?dl=1
rphjb_Basta2.mp3,,,https://www.dropbox.com/sh/xqaatugvq8zcoyu/AAB1NhzIEBnzrsvPNXyjq5G_a/rphjb_Basta2.mp3?dl=1
rphjb_Basta2.mp4,,,https://www.dropbox.com/sh/xqaatugvq8zcoyu/AADWt-CDy9B-y1PTOsw-bcUka/rphjb_Basta2.mp4?dl=1
rphjb_Basta2Gif.mp4,,image/gif,https://www.dropbox.com/s/81c01cd9k0hkoes/rphjb_Basta2Gif.mp4?dl=1
rphjb_Basta3.mp4,,image/gif,https://www.dropbox.com/s/6mtzh1kev9d9svb/rphjb_Basta3.mp4?dl=1
rphjb_Basta4.mp4,,,https://www.dropbox.com/s/03v4kzjbelui835/rphjb_Basta4.mp4?dl=1
rphjb_BastaGif.mp4,,image/gif,https://www.dropbox.com/s/sm0799l4z5ug87a/rphjb_BastaGif.mp4?dl=1
rphjb_BastaRottoIlCazzo.mp4,,,https://www.dropbox.com/s/mjcg6dh34owi1e9/rphjb_BastaRottoIlCazzo.mp4?dl=1
rphjb_BastaSedia.mp4,,image/gif,https://www.dropbox.com/s/08pzwc8d8oqjrom/rphjb_BastaSedia.mp4?dl=1
rphjb_Bastone1.mp4,,image/gif,https://www.dropbox.com/s/zdcky9aqjun75lr/rphjb_Bastone1.mp4?dl=1
rphjb_Bastone2.mp4,,image/gif,https://www.dropbox.com/s/j6odgfxp8a5s2sv/rphjb_Bastone2.mp4?dl=1
rphjb_Bastone3.mp4,,image/gif,https://www.dropbox.com/s/31lgrbacbka697j/rphjb_Bastone3.mp4?dl=1
rphjb_BastoneInfernale.mp4,,,https://www.dropbox.com/sh/xqaatugvq8zcoyu/AAAsNisRE8eCxnD8dGRDCuT2a/rphjb_BastoneInfernale.mp4?dl=1
rphjb_Battesimo.mp3,,,https://www.dropbox.com/sh/xqaatugvq8zcoyu/AAAFxL4C116TylD2nGB1qH8Ma/rphjb_Battesimo.mp3?dl=1
rphjb_Bebop.mp4,,,https://www.dropbox.com/sh/xqaatugvq8zcoyu/AAB1_u8ItDqR6dBeu-IrXQ7ka/rphjb_Bebop.mp4?dl=1
rphjb_BebopGif.mp4,,image/gif,https://www.dropbox.com/s/noqr4i397ltywrt/rphjb_BebopGif.mp4?dl=1
rphjb_BicchiereSputoLimitazioniUomoDonna.mp4,,,https://www.dropbox.com/sh/xqaatugvq8zcoyu/AABsay31rxNCL_7ZXyghSVXEa/rphjb_BicchiereSputoLimitazioniUomoDonna.mp4?dl=1
rphjb_BigMoney.mp4,,,https://www.dropbox.com/sh/xqaatugvq8zcoyu/AACpAAuFrmgqUNng0fb_Sx8ta/rphjb_BigMoney.mp4?dl=1
rphjb_BiscionePiatti.mp4,,,https://www.dropbox.com/sh/xqaatugvq8zcoyu/AABVd7wRZINUsluu_8jPmCGDa/rphjb_BiscionePiatti.mp4?dl=1
rphjb_Blues.mp4,,,https://www.dropbox.com/sh/xqaatugvq8zcoyu/AAAdZBOJyUW31J2P80kQbIAta/rphjb_Blues.mp4?dl=1
rphjb_Bona.mp4,,image/gif,https://www.dropbox.com/s/o4soheyxvkclrr7/rphjb_Bona.mp4?dl=1
rphjb_Bravo.mp4,,image/gif,https://www.dropbox.com/s/0i5jvq3vdgzxjh2/rphjb_Bravo.mp4?dl=1
rphjb_BresciaMiPiace.mp4,,,https://www.dropbox.com/s/js5fa87ba8wn2bk/rphjb_BresciaMiPiace.mp4?dl=1
rphjb_Brivido.mp4,,image/gif,https://www.dropbox.com/s/ik68zbz3qsql1u3/rphjb_Brivido.mp4?dl=1
rphjb_BruttoFrocio.mp3,,,https://www.dropbox.com/sh/xqaatugvq8zcoyu/AAA6btSPMxbNuJcCSsR5LIYza/rphjb_BruttoFrocio.mp3?dl=1
rphjb_BruttoSquallidoSchifoso.mp4,,image/gif,https://www.dropbox.com/s/81dazxxhxzeax34/rphjb_BruttoSquallidoSchifoso.mp4?dl=1
rphjb_Cameriera.mp3,,,https://www.dropbox.com/sh/xqaatugvq8zcoyu/AADlRbsRrXYRpgU2kgahA-4Ja/rphjb_Cameriera.mp3?dl=1
rphjb_Cameriera.mp4,,,https://www.dropbox.com/s/ckdn5rwim8q2lvd/rphjb_Cameriera.mp4?dl=1
rphjb_Campa.mp4,,image/gif,https://www.dropbox.com/s/qkcfy0ff9gl23h5/rphjb_Campa.mp4?dl=1
rphjb_CantantiSerieZ.mp4,,image/gif,https://www.dropbox.com/s/ufrj7ekl22pr1g6/rphjb_CantantiSerieZ.mp4?dl=1
rphjb_Canzonette.gif,,,https://www.dropbox.com/sh/xqaatugvq8zcoyu/AACnSMHxETYG-oleY4HW0j9Ta/rphjb_Canzonette.gif?dl=1
rphjb_Canzonette.mp3,,,https://www.dropbox.com/sh/xqaatugvq8zcoyu/AAAx8tJdK1iClmG-CYW0Isjoa/rphjb_Canzonette.mp3?dl=1
rphjb_Canzonette.mp4,,,https://www.dropbox.com/sh/xqaatugvq8zcoyu/AAAChSMkiAoJYVI9LU_WMrroa/rphjb_Canzonette.mp4?dl=1
rphjb_CanzonettePoesieAuschwitzCervello.mp4,,,https://www.dropbox.com/sh/xqaatugvq8zcoyu/AADSleShdZLH6mORzMHRln2Qa/rphjb_CanzonettePoesieAuschwitzCervello.mp4?dl=1
rphjb_CapisciRidotti.mp3,,,https://www.dropbox.com/sh/xqaatugvq8zcoyu/AABFZu2gC_Yu3a1fhaDenYdYa/rphjb_CapisciRidotti.mp3?dl=1
rphjb_Capito.mp3,,,https://www.dropbox.com/sh/xqaatugvq8zcoyu/AABsTmwcKJ6MSLCpRfGufVLja/rphjb_Capito.mp3?dl=1
rphjb_CapitoCheMagagna.mp3,,,https://www.dropbox.com/sh/xqaatugvq8zcoyu/AACZe40T3gNKyNGltpp77ETKa/rphjb_CapitoCheMagagna.mp3?dl=1
rphjb_CapitoDoveStiamo.mp3,,,https://www.dropbox.com/sh/xqaatugvq8zcoyu/AABxlFHCZ4LU-emnX0CMnRpQa/rphjb_CapitoDoveStiamo.mp3?dl=1
rphjb_CapitoDoveStiamo.mp4,,image/gif,https://www.dropbox.com/s/iihxr3kn95o9erz/rphjb_CapitoDoveStiamo.mp4?dl=1
rphjb_Capolavoro.mp4,,image/gif,https://www.dropbox.com/s/u0e5m486d68tvtk/rphjb_Capolavoro.mp4?dl=1
rphjb_CellulaFotoelettrica.mp4,,,https://www.dropbox.com/s/7gc4gfoxd35hyl4/rphjb_CellulaFotoelettrica.mp4?dl=1
rphjb_CervelloPensante.mp4,,,https://www.dropbox.com/sh/xqaatugvq8zcoyu/AADtLIT6tz33lVO0-GdcXsrAa/rphjb_CervelloPensante.mp4?dl=1
rphjb_CheCHai.mp4,,image/gif,https://www.dropbox.com/s/wwbexogjxnp213p/rphjb_CheCHai.mp4?dl=1
rphjb_CheCazzoEraQuellaRoba.mp3,,,https://www.dropbox.com/sh/xqaatugvq8zcoyu/AADgFKXlUsAFlKvBYs652KAAa/rphjb_CheCazzoEraQuellaRoba.mp3?dl=1
rphjb_CheCazzoEraQuellaRoba.mp4,,,https://www.dropbox.com/sh/xqaatugvq8zcoyu/AABfFlx6aOaHz8K9YK_RNoZda/rphjb_CheCazzoEraQuellaRoba.mp4?dl=1
rphjb_CheCazzoEraQuellaRoba2.mp4,,,https://www.dropbox.com/sh/xqaatugvq8zcoyu/AADv2sdM3Mynk266wSWa3pNVa/rphjb_CheCazzoEraQuellaRoba2.mp4?dl=1
rphjb_CheCazzoEraQuellaRoba3.mp4,,,https://www.dropbox.com/sh/xqaatugvq8zcoyu/AADY-MBI2vV5j9Z2GwMf_-0ga/rphjb_CheCazzoEraQuellaRoba3.mp4?dl=1
rphjb_CheSuccede.mp3,,,https://www.dropbox.com/sh/xqaatugvq8zcoyu/AAD-ShUhP3MklzM0lYA4Wtaja/rphjb_CheSuccede.mp3?dl=1
rphjb_ChiCacciaISoldi.mp3,,,https://www.dropbox.com/sh/xqaatugvq8zcoyu/AACEQfpyIAfbR0zU5zWEr6Iea/rphjb_ChiCacciaISoldi.mp3?dl=1
rphjb_ChiCacciaISoldi.mp4,,image/gif,https://www.dropbox.com/s/zjlprnu6s23v2ty/rphjb_ChiCacciaISoldi.mp4?dl=1
rphjb_ChiCazzoSei.mp4,,image/gif,https://www.dropbox.com/s/0psd38o0u5f8icz/rphjb_ChiCazzoSei.mp4?dl=1
rphjb_ChiECristo.mp3,,,https://www.dropbox.com/sh/xqaatugvq8zcoyu/AAAqtAewZRzMcE9d1Qb7kOBza/rphjb_ChiECristo.mp3?dl=1
rphjb_ChiamaLaPolizia.mp4,,,https://www.dropbox.com/sh/xqaatugvq8zcoyu/AAAuckXRbHJBazgVgjRInRVAa/rphjb_ChiamaLaPolizia.mp4?dl=1
rphjb_ChiamaLaPoliziaGif.mp4,,image/gif,https://www.dropbox.com/s/76482c2u7v4yoa8/rphjb_ChiamaLaPoliziaGif.mp4?dl=1
rphjb_Chiesa.mp3,,,https://www.dropbox.com/sh/xqaatugvq8zcoyu/AAAxBpRRLAbFyzO-n7DCI4qza/rphjb_Chiesa.mp3?dl=1
rphjb_Chitarra1.mp4,,image/gif,https://www.dropbox.com/s/4nejue3u3nhwopz/rphjb_Chitarra1.mp4?dl=1
rphjb_Chitarra2.mp4,,image/gif,https://www.dropbox.com/s/xukikeihyxlb5r3/rphjb_Chitarra2.mp4?dl=1
rphjb_Chitarra3.mp4,,image/gif,https://www.dropbox.com/s/9n5v3s4f2bd6i48/rphjb_Chitarra3.mp4?dl=1
rphjb_ChitarraPlettroVicoletto.mp4,,,https://www.dropbox.com/sh/xqaatugvq8zcoyu/AACkejWI3k73fF-PJT-l8Lf-a/rphjb_ChitarraPlettroVicoletto.mp4?dl=1
rphjb_ChitarraPlettroVicoletto2.mp4,,,https://www.dropbox.com/s/cx3u30lffrcqlap/rphjb_ChitarraVicolettoPlettro2.mp4?dl=1
rphjb_ChitarraZuccherada.mp4,,,https://www.dropbox.com/sh/xqaatugvq8zcoyu/AAAX_JgZYJAzVFtAlrS2S6aNa/rphjb_ChitarraZuccherada.mp4?dl=1
rphjb_ChitarraZuccheroAlgheVino.mp3,,,https://www.dropbox.com/s/uwq9gh5qvtvmr2c/rphjb_ChitarraZuccheroAlgheVino.mp3?dl=1
rphjb_ChitarraZuggherada.mp3,,,https://www.dropbox.com/sh/xqaatugvq8zcoyu/AAAzLoecqj3L417TqV2AbQcSa/rphjb_ChitarraZuggherada.mp3?dl=1
rphjb_Chitarrista.mp4,,image/gif,https://www.dropbox.com/s/vmhelpj3psogrp7/rphjb_Chitarrista.mp4?dl=1
rphjb_Ciao2001.mp4,,,https://www.dropbox.com/sh/xqaatugvq8zcoyu/AABO_0efeKqMKs-Ws2Uj0JXJa/rphjb_Ciao2001.mp4?dl=1
rphjb_Ciao2001Gif.mp4,,image/gif,https://www.dropbox.com/s/9tf0umcltow58r7/rphjb_Ciao2001Gif.mp4?dl=1
rphjb_CiaoComeState.mp3,,,https://www.dropbox.com/sh/xqaatugvq8zcoyu/AAD8Grq0j0w_JClv2wlzQF7Ea/rphjb_CiaoComeState.mp3?dl=1
rphjb_CiaoComeState.mp4,,image/gif,https://www.dropbox.com/s/0xi907eily28jxh/rphjb_CiaoComeState.mp4?dl=1
rphjb_CinqueDita.mp3,,,https://www.dropbox.com/sh/xqaatugvq8zcoyu/AABkNu9LVjeI90pnerKCXoWja/rphjb_CinqueDita.mp3?dl=1
rphjb_CinqueDita.mp4,,,https://www.dropbox.com/sh/xqaatugvq8zcoyu/AADYQlsKYeJaERnvqfIzEpUwa/rphjb_CinqueDita.mp4?dl=1
rphjb_CintaProblema.mp4,,,https://www.dropbox.com/sh/xqaatugvq8zcoyu/AADyZDbddHjW_iq55Ttcgh-7a/rphjb_CintaProblema.mp4?dl=1
rphjb_Coglione.mp4,,,https://www.dropbox.com/sh/xqaatugvq8zcoyu/AAANs2UmSgL-EGsIDdCY8y-Va/rphjb_Coglione.mp4?dl=1
rphjb_CoglioneGif.mp4,,image/gif,https://www.dropbox.com/s/poql4vs8q6bfde6/rphjb_CoglioneGif.mp4?dl=1
rphjb_ColCazzoSuona.mp4,,image/gif,https://www.dropbox.com/s/e14cmqt4hepbw0a/rphjb_ColCazzoSuona.mp4?dl=1
rphjb_CollaSerpe.mp3,,,https://www.dropbox.com/s/atmv3f04ut7yfq3/rphjb_CollaSerpe.mp3?dl=1
rphjb_CollaSerpe.mp4,,,https://www.dropbox.com/sh/xqaatugvq8zcoyu/AACsjpHC_Q93K80NeHsgu-dta/rphjb_CollaSerpe.mp4?dl=1
rphjb_CollaSerpeSigarettePercussionista.mp4,,,https://www.dropbox.com/sh/xqaatugvq8zcoyu/AABF6lqh906LdqZWinay69nAa/rphjb_CollaSerpeSigarettePercussionista.mp4?dl=1
rphjb_ComeAlSolitoNonAveteCapito.mp4,,image/gif,https://www.dropbox.com/s/1qkxsgcgz6jy157/rphjb_ComeAlSolitoNonAveteCapito.mp4?dl=1
rphjb_ComeFaiAGiudicare.mp4,,image/gif,https://www.dropbox.com/s/areelstyy6t01ra/rphjb_ComeFaiAGiudicare.mp4?dl=1
rphjb_ComeHaFattoAEntrare.mp4,,image/gif,https://www.dropbox.com/s/zmrlh99p43w6sva/rphjb_ComeHaFattoAEntrare.mp4?dl=1
rphjb_ComeViPare.mp3,,,https://www.dropbox.com/sh/xqaatugvq8zcoyu/AABexr3hgdhE2fKkC6EdTC2Ea/rphjb_ComeViPare.mp3?dl=1
rphjb_ComeViPare.mp4,,image/gif,https://www.dropbox.com/s/erzzpdqnr4e11e4/rphjb_ComeViPare.mp4?dl=1
rphjb_Compleanno.mp4,,,https://www.dropbox.com/sh/xqaatugvq8zcoyu/AAAxiMwjdZQUT5TfZCWrNNUha/rphjb_Compleanno.mp4?dl=1
rphjb_CompletamenteNudo.mp3,,,https://www.dropbox.com/sh/xqaatugvq8zcoyu/AADRePdNUvlgsZFL6Agt5NLTa/rphjb_CompletamenteNudo.mp3?dl=1
rphjb_CompletamentePazzo.mp4,,,https://www.dropbox.com/s/n66g390e430numg/rphjb_CompletamentePazzo.mp4?dl=1
rphjb_CompletamentePazzo2.mp4,,,https://www.dropbox.com/s/5gi6ja3kyg7t80u/rphjb_CompletamentePazzo2.mp4?dl=1
rphjb_Confuso.mp4,,image/gif,https://www.dropbox.com/s/ll9qng2vp2uolup/rphjb_Confuso.mp4?dl=1
rphjb_ConQuestaTecnica.mp3,,,https://www.dropbox.com/s/estdx8bnv9ponp4/rphjb_ConQuestaTecnica.mp3?dl=1
rphjb_ConQuestaTecnica.mp4,,,https://www.dropbox.com/sh/xqaatugvq8zcoyu/AAB4Hz_IknsGpt7rPzs1kbKqa/rphjb_ConQuestaTecnica.mp4?dl=1
rphjb_Conoscere.mp3,,,https://www.dropbox.com/sh/xqaatugvq8zcoyu/AAA0G1Wl1Bqf_og9IZH5jo6ta/rphjb_Conoscere.mp3?dl=1
rphjb_ConsigliSulPacco.mp4,,,https://www.dropbox.com/s/koae7jhlehzrbge/rphjb_ConsigliSulPacco.mp4?dl=1
rphjb_Continua.mp3,,,https://www.dropbox.com/sh/xqaatugvq8zcoyu/AAACcGWWQM3KzZ9OQosVeJeHa/rphjb_Continua.mp3?dl=1
rphjb_Continua.mp4,,,https://www.dropbox.com/sh/xqaatugvq8zcoyu/AAC19Ht-x1YuQvYlyuCO23kia/rphjb_Continua.mp4?dl=1
rphjb_CorteiFemministiAmplessiMacisti.mp4,,,https://www.dropbox.com/s/vax3fbha6429g0t/rphjb_CorteiFemministiAmplessiMacisti.mp4?dl=1
rphjb_CosaSuccesso.mp4,,image/gif,https://www.dropbox.com/s/gssnv3whfb8bdqw/rphjb_CosaSuccesso.mp4?dl=1
rphjb_CosHaiTrovato.mp4,,image/gif,https://www.dropbox.com/s/gaz53a9gcz268lu/rphjb_CosHaiTrovato.mp4?dl=1
rphjb_CoviMaleInvidiaLivore.mp4,,image/gif,https://www.dropbox.com/s/ffj8oinkfvi6mh0/rphjb_CoviMaleInvidiaLivore.mp4?dl=1
rphjb_Cosa.mp4,,,https://www.dropbox.com/s/39j9osetqxuwl3y/rphjb_Cosa.mp4?dl=1
rphjb_CrestaOnda.mp4,,,https://www.dropbox.com/sh/xqaatugvq8zcoyu/AABU_wsbh9YifaQHPN_XZnQ8a/rphjb_CrestaOnda.mp4?dl=1
rphjb_CristoCanaro.mp4,,,https://www.dropbox.com/sh/xqaatugvq8zcoyu/AACNM48a9LjzB_O0_0J7C2saa/rphjb_CristoCanaro.mp4?dl=1
rphjb_CristoPinocchio.mp3,,,https://www.dropbox.com/sh/xqaatugvq8zcoyu/AACLqsQenpUQ34Ne_xlnqGSBa/rphjb_CristoPinocchio.mp3?dl=1
rphjb_CristoPinocchio.mp4,,,https://www.dropbox.com/sh/xqaatugvq8zcoyu/AAAGQKLg-OADpTmRlNX4gAGla/rphjb_CristoPinocchio.mp4?dl=1
rphjb_CriticaNoCazzate.mp4,,,https://www.dropbox.com/s/heb6a75crkl7sj5/rphjb_CriticaNoCazzate.mp4?dl=1
rphjb_Cucciolo.mp4,,image/gif,https://www.dropbox.com/s/skna1001b2iy869/rphjb_Cucciolo.mp4?dl=1
rphjb_Cucciolo2.mp4,,image/gif,https://www.dropbox.com/s/u5foxldnrtvr0j0/rphjb_Cucciolo2.mp4?dl=1
rphjb_CuloChiacchierato.mp3,,,https://www.dropbox.com/sh/xqaatugvq8zcoyu/AADIMHc7mtbo7vZKVL68iwnXa/rphjb_CuloChiacchierato.mp3?dl=1
rphjb_CuoreInMano.mp4,,image/gif,https://www.dropbox.com/s/sw26xc1y0kspkkj/rphjb_CuoreInMano.mp4?dl=1
rphjb_DanzaMacabra.mp3,,,https://www.dropbox.com/s/c1ovlbsofkfacmw/rphjb_DanzaMacabra.mp3?dl=1
rphjb_DanzaMacabra.mp4,,,https://www.dropbox.com/sh/xqaatugvq8zcoyu/AACGElKpk4gHbOTMYEvjf1j-a/rphjb_DanzaMacabra.mp4?dl=1
rphjb_DanzaMacabraGif.mp4,,image/gif,https://www.dropbox.com/s/tatkltowpwlhm6l/rphjb_DanzaMacabraGif.mp4?dl=1
rphjb_DareFastidio.mp4,,image/gif,https://www.dropbox.com/s/sfvzlhnae89m6o8/rphjb_DareFastidio.mp4?dl=1
rphjb_DavantiGenteNonHaCapisceUnCazzo.mp3,,,https://www.dropbox.com/s/jr3jrq2cdntk915/rphjb_DavantiGenteNonHaCapisceUnCazzo.mp3?dl=1
rphjb_DecidoIo.mp4,,image/gif,https://www.dropbox.com/s/vqd5ok0m725zj1e/rphjb_DecidoIo.mp4?dl=1
rphjb_DecidoIoMareCazzatePerCortesia.mp4,,,https://www.dropbox.com/s/v97nrqi1037fhra/rphjb_DecidoIoMareCazzatePerCortesia.mp4?dl=1
rphjb_Deficienza.mp4,,image/gif,https://www.dropbox.com/s/dizvailutosyt7i/rphjb_Deficienza.mp4?dl=1
rphjb_Delirio.mp4,,image/gif,https://www.dropbox.com/s/yv0o93jsayg1v1d/rphjb_Delirio.mp4?dl=1
rphjb_DelirioDelSabatoSera.mp4,,,https://www.dropbox.com/sh/xqaatugvq8zcoyu/AACGauzgaTcpi2_aM1Ko2NzZa/rphjb_DelirioDelSabatoSera.mp4?dl=1
rphjb_DeludendoQuasiTutto.mp4,,,https://www.dropbox.com/sh/xqaatugvq8zcoyu/AADjZ2CHHRECUAgiPxQZi51Ja/rphjb_DeludendoQuasiTutto.mp4?dl=1
rphjb_Deluso.mp3,,,https://www.dropbox.com/sh/xqaatugvq8zcoyu/AAA1MsRtEZP5qat86wxW8Ol2a/rphjb_Deluso.mp3?dl=1
rphjb_Deluso.mp4,,image/gif,https://www.dropbox.com/s/em6fky1jdl2tsty/rphjb_Deluso.mp4?dl=1
rphjb_Destino.mp4,,image/gif,https://www.dropbox.com/s/ccfe8qymeopze1c/rphjb_Destino.mp4?dl=1
rphjb_DevoDireChe.mp3,,,https://www.dropbox.com/sh/xqaatugvq8zcoyu/AAApkYADn_osj7z_wjC5qxh7a/rphjb_DevoDireChe.mp3?dl=1
rphjb_DevoSopportare.mp3,,,https://www.dropbox.com/sh/xqaatugvq8zcoyu/AAALQBYqwTLYkvwRTYIIounCa/rphjb_DevoSopportare.mp3?dl=1
rphjb_DiciottoAnni.mp4,,,https://www.dropbox.com/sh/xqaatugvq8zcoyu/AAD3_moIDsxi1dssT3KUeNtIa/rphjb_DiciottoAnni.mp4?dl=1
rphjb_DiciottoAnniGif.mp4,,image/gif,https://www.dropbox.com/s/r2z65lpyygd9t8z/rphjb_DiciottoAnniGif.mp4?dl=1
rphjb_Dirigenti.mp4,,image/gif,https://www.dropbox.com/s/284ehfxpr8m9oud/rphjb_Dirigenti.mp4?dl=1
rphjb_DifficoltaAmicizieTelefonata.mp4,,image/gif,https://www.dropbox.com/s/bbw1t1fxrv0v86v/rphjb_DifficoltaAmicizieTelefonata.mp4?dl=1
rphjb_Discapito.mp4,,image/gif,https://www.dropbox.com/s/sf15gin5fr90fgm/rphjb_Discapito.mp4?dl=1
rphjb_DiscotecaLaziale.mp3,,,https://www.dropbox.com/sh/xqaatugvq8zcoyu/AAClQv_6zgZmBlbESmTkGq7Va/rphjb_DiscotecaLaziale.mp3?dl=1
rphjb_DiscotecaLaziale.mp4,,image/gif,https://www.dropbox.com/s/hbzvz7s66qu0idm/rphjb_DiscotecaLaziale.mp4?dl=1
rphjb_DiventarePapa.mp4,,,https://www.dropbox.com/sh/xqaatugvq8zcoyu/AAAi98G5GZJwmG_6YqQwbIhia/rphjb_DiventarePapa.mp4?dl=1
rphjb_DiventoBestia.mp3,,,https://www.dropbox.com/sh/xqaatugvq8zcoyu/AAAUvA8XlRk8YWAvOrQJ0YPXa/rphjb_DiventoBestia.mp3?dl=1
rphjb_Diverti.mp4,,image/gif,https://www.dropbox.com/s/g1kvrumr2e250qt/rphjb_Diverti.mp4?dl=1
rphjb_DonnaCane.mp4,,image/gif,https://www.dropbox.com/s/zs6ndhkc35lee71/rphjb_DonnaCane.mp4?dl=1
rphjb_DonnaTaglioSbadiglio.mp3,,,https://www.dropbox.com/s/ewyjis7bowlv3v2/rphjb_DonnaTaglioSbadiglio.mp3?dl=1
rphjb_DonnaTaglioSbadiglio.mp4,,,https://www.dropbox.com/s/3va8br2luto5si6/rphjb_DonnaTaglioSbadiglio.mp4?dl=1
rphjb_DonneSperma.mp3,,,https://www.dropbox.com/s/1vsl8m586l513dc/rphjb_DonneSperma.mp3?dl=1
rphjb_DonneErFoco.mp4,,,https://www.dropbox.com/s/ltpquwp01tnwvet/rphjb_DonneErFoco.mp4?dl=1
rphjb_DoveteSoffrire.mp4,,image/gif,https://www.dropbox.com/s/2behdvewhlf8oik/rphjb_DoveteSoffrire.mp4?dl=1
rphjb_DrogatiPiloti.mp4,,,https://www.dropbox.com/sh/xqaatugvq8zcoyu/AAAFtQx10CGBz3aXM-KOF9l4a/rphjb_DrogatiPiloti.mp4?dl=1
rphjb_DrogatiPilotiGif.mp4,,image/gif,https://www.dropbox.com/s/ijxysw8ystji8a3/rphjb_DrogatiPilotiGif.mp4?dl=1
rphjb_DrogatiRockettari.mp4,,,https://www.dropbox.com/sh/xqaatugvq8zcoyu/AAB8qBRvafKB_HlNJEjxLtn9a/rphjb_DrogatiRockettari.mp4?dl=1
rphjb_DrogatiRockettari1.mp4,,image/gif,https://www.dropbox.com/s/ontkwqix6c21t1l/rphjb_DrogatiRockettari1.mp4?dl=1
rphjb_DrogatiRockettari2.mp4,,image/gif,https://www.dropbox.com/s/90mk3dzgqfy68xv/rphjb_DrogatiRockettari2.mp4?dl=1
rphjb_DrogheLeggere.mp4,,,https://www.dropbox.com/sh/xqaatugvq8zcoyu/AAAT09l-Qf_dPPz7LyzRo4W0a/rphjb_DrogheLeggere.mp4?dl=1
rphjb_DubbioComeMiAiuta.mp4,,,https://www.dropbox.com/sh/xqaatugvq8zcoyu/AABnuMRQxf-k6k1Vr4O_NQvDa/rphjb_DubbioComeMiAiuta.mp4?dl=1
rphjb_DubbioScantinatiGiocoRattoGatto.mp4,,,https://www.dropbox.com/sh/xqaatugvq8zcoyu/AADw-b4zMyfVuqRGpyzvx2y3a/rphjb_DubbioScantinatiGiocoRattoGatto.mp4?dl=1
rphjb_DueOssa.mp3,,,https://www.dropbox.com/sh/xqaatugvq8zcoyu/AAD37dAUBUv9QtRzd3-tlpcHa/rphjb_DueOssa.mp3?dl=1
rphjb_ENonMeNeFotteUnCazzo.mp3,,,https://www.dropbox.com/sh/xqaatugvq8zcoyu/AADXxoSlF8qISKHR2G6UnBRDa/rphjb_ENonMeNeFotteUnCazzo.mp3?dl=1
rphjb_EccomiQua.mp3,,,https://www.dropbox.com/sh/xqaatugvq8zcoyu/AACLicHWYF5vzwBw4U5UQVDra/rphjb_EccomiQua.mp3?dl=1
rphjb_EraVero.mp4,,,https://www.dropbox.com/s/xpboj4yx0nl87rq/rphjb_EraVero.mp4?dl=1
rphjb_EduFalasci.mp3,,,https://www.dropbox.com/sh/xqaatugvq8zcoyu/AAAbv1LzFJwNzRPdxa5E4lbVa/rphjb_EduFalasci.mp3?dl=1
rphjb_EricClaptonDrogaUominiAffari.mp4,,,https://www.dropbox.com/sh/xqaatugvq8zcoyu/AADi_mvG5JSJiixKie6zxsAVa/rphjb_EricClaptonDrogaUominiAffari.mp4?dl=1
rphjb_Escerto.mp4,,image/gif,https://www.dropbox.com/s/6whvg3f4eh0tf14/rphjb_Escerto.mp4?dl=1
rphjb_EscertoCritiche.mp4,,,https://www.dropbox.com/s/o1wutpfm6f7rhyj/rphjb_EscertoCritiche.mp4?dl=1
rphjb_Esperimento.mp3,,,https://www.dropbox.com/sh/xqaatugvq8zcoyu/AADnI1YQvcMDBXK5cF7P1azga/rphjb_Esperimento.mp3?dl=1
rphjb_Esperimento.mp4,,,https://www.dropbox.com/sh/xqaatugvq8zcoyu/AAAEOh-_SkCFMI24f0Mro3osa/rphjb_Esperimento.mp4?dl=1
rphjb_Esperimento2.mp4,,,https://www.dropbox.com/sh/xqaatugvq8zcoyu/AADc15ScFyctRrDraYna2QMqa/rphjb_Esperimento2.mp4?dl=1
rphjb_Esperimento2Gif.mp4,,image/gif,https://www.dropbox.com/s/itciur9zl1n672k/rphjb_Esperimento2Gif.mp4?dl=1
rphjb_Esperimento3.mp4,,image/gif,https://www.dropbox.com/s/1x96d73iz7yjmjw/rphjb_Esperimento3.mp4?dl=1
rphjb_EsperimentoGif.mp4,,image/gif,https://www.dropbox.com/s/53sn6r4k2yz20a4/rphjb_EsperimentoGif.mp4?dl=1
rphjb_Ester.mp4,,image/gif,https://www.dropbox.com/s/wsmasj4rkz8szm3/rphjb_Ester.mp4?dl=1
rphjb_Ester2.mp4,,image/gif,https://www.dropbox.com/s/8aiyh4ez59r8exa/rphjb_Ester2.mp4?dl=1
rphjb_FaccioLaParte.mp4,,image/gif,https://www.dropbox.com/s/cvp3yxf9r4g8w9s/rphjb_FaccioLaParte.mp4?dl=1
rphjb_FaccioSchifo.mp3,,,https://www.dropbox.com/sh/xqaatugvq8zcoyu/AAAWUR792w_MJUpg7_tmtaUma/rphjb_FaccioSchifo.mp3?dl=1
rphjb_FaccioVedereSpalleBraccia.mp4,,,https://www.dropbox.com/sh/xqaatugvq8zcoyu/AADhMFvFaYiT02NTyn7CPnqma/rphjb_FaccioVedereSpalleBraccia.mp4?dl=1
rphjb_FaccioVedereSpalleBracciaGif.mp4,,image/gif,https://www.dropbox.com/s/1yrh39kb8g3gii0/rphjb_FaccioVedereSpalleBracciaGif.mp4?dl=1
rphjb_FacendoSoffrire.mp4,,image/gif,https://www.dropbox.com/s/fmfwyy98sar7lh1/rphjb_FacendoSoffrire.mp4?dl=1
rphjb_FacevoSchifoOraSpacco.mp4,,,https://www.dropbox.com/s/qgr3eh45viw47hf/rphjb_FacevoSchifoOraSpacco.mp4?dl=1
rphjb_FaiSchifoSeiUltimo.mp4,,image/gif,https://www.dropbox.com/s/h0ez29ym6cj1vcp/rphjb_FaiSchifoSeiUltimo.mp4?dl=1
rphjb_FammiQuestaCortesia.mp3,,,https://www.dropbox.com/sh/xqaatugvq8zcoyu/AADSJQB9PbXyBirpoH1vuSija/rphjb_FammiQuestaCortesia.mp3?dl=1
rphjb_FammiQuestaCortesia.mp4,,image/gif,https://www.dropbox.com/s/shc6ws23fsfw6fo/rphjb_FammiQuestaCortesia.mp4?dl=1
rphjb_FanculoPerCortesia.mp4,,image/gif,https://www.dropbox.com/s/vf75n5ybmcyhogw/rphjb_FanculoPerCortesia.mp4?dl=1
rphjb_FannoQuelloCheDicoIo.mp3,,,https://www.dropbox.com/sh/xqaatugvq8zcoyu/AAC6UQWIEdpiVNp4LigUTpHla/rphjb_FannoQuelloCheDicoIo.mp3?dl=1
rphjb_FannoQuelloCheDicoIo.mp4,,,https://www.dropbox.com/sh/xqaatugvq8zcoyu/AABOoSnOYNqsYXQz4ISnDCJLa/rphjb_FannoQuelloCheDicoIo.mp4?dl=1
rphjb_Feelings.gif,,,https://www.dropbox.com/sh/xqaatugvq8zcoyu/AADXVl92tt7ydIMagEyO5ywBa/rphjb_Feelings.gif?dl=1
rphjb_Feelings.mp3,,,https://www.dropbox.com/sh/xqaatugvq8zcoyu/AACnWLE-Z5mDQUOJHNxLhkZFa/rphjb_Feelings.mp3?dl=1
rphjb_Feelings.mp4,,,https://www.dropbox.com/sh/xqaatugvq8zcoyu/AAC4BHQeRCF2n2OXuZSss1Yna/rphjb_Feelings.mp4?dl=1
rphjb_Feelings2.mp4,,,https://www.dropbox.com/sh/xqaatugvq8zcoyu/AAAFd5PvBKwgJzHlrURGSM8la/rphjb_Feelings2.mp4?dl=1
rphjb_Feelings2.mp4,,image/gif,https://www.dropbox.com/s/46xulwkcqc7djfx/rphjb_Feelings2.mp4?dl=1
rphjb_Feste.mp4,,image/gif,https://www.dropbox.com/s/elczrsmn9pufzbx/rphjb_Feste.mp4?dl=1
rphjb_FigaLarga.mp4,,,https://www.dropbox.com/sh/xqaatugvq8zcoyu/AAAW3ep9rMPIIiBk6YNftHUya/rphjb_FigaLarga.mp4?dl=1
rphjb_FigureMitologiche.mp3,,,https://www.dropbox.com/sh/xqaatugvq8zcoyu/AACsmnGzWkxVQeLQBJMJvw7Ga/rphjb_FigureMitologiche.mp3?dl=1
rphjb_FigureMitologiche.mp4,,,https://www.dropbox.com/sh/xqaatugvq8zcoyu/AAD6QV3nI6YFk6VuHQ3Pnj-_a/rphjb_FigureMitologiche.mp4?dl=1
rphjb_FigureMitologiche2.mp4,,,https://www.dropbox.com/sh/xqaatugvq8zcoyu/AABbMxEgz6FTsv43Y76DXCL3a/rphjb_FigureMitologiche2.mp4?dl=1
rphjb_FigureMitologiche22.mp4,,,https://www.dropbox.com/sh/xqaatugvq8zcoyu/AABy0a4saNDhpmqOqVK1sacTa/rphjb_FigureMitologiche22.mp4?dl=1
rphjb_FinireMale.mp3,,,https://www.dropbox.com/sh/xqaatugvq8zcoyu/AADqC_xFFiz7TMmImDtALqsga/rphjb_FinireMale.mp3?dl=1
rphjb_FragolinaFichina.mp3,,,https://www.dropbox.com/sh/xqaatugvq8zcoyu/AADktT1tD84wUC1lZbRyVaEYa/rphjb_FragolinaFichina.mp3?dl=1
rphjb_FregataFregatura.mp4,,,https://www.dropbox.com/sh/xqaatugvq8zcoyu/AACIrl8VlBBS6ygPGh9Y_vg-a/rphjb_FregataFregatura.mp4?dl=1
rphjb_Frocio.mp3,,,https://www.dropbox.com/sh/xqaatugvq8zcoyu/AAC1mBOEuCHTfwK-v2jQWSNda/rphjb_Frocio.mp3?dl=1
rphjb_Frocio.mp4,,image/gif,https://www.dropbox.com/s/ia2qnd34zo9rfuk/rphjb_Frocio.mp4?dl=1
rphjb_FuCriticato.mp4,,,https://www.dropbox.com/sh/xqaatugvq8zcoyu/AAAbJisxCo-Td7k7QpqAej7Ja/rphjb_FuCriticato.mp4?dl=1
rphjb_FuCriticatoGif.mp4,,image/gif,https://www.dropbox.com/s/hgwyo68c10j5nde/rphjb_FuCriticatoGif.mp4?dl=1
rphjb_GelatinaFazzolettiSecchiAcquaSapone.mp3,,,https://www.dropbox.com/s/2o9sqsazz19sr68/rphjb_GelatinaFazzolettiSecchiAcquaSapone.mp3?dl=1
rphjb_GeneriMusicali.mp4,,image/gif,https://www.dropbox.com/s/5forap8cp4hjs3g/rphjb_GeneriMusicali.mp4?dl=1
rphjb_GeneriMusicali2.mp4,,,https://www.dropbox.com/s/of9fyf8jwtkvjvd/rphjb_GeneriMusicali2.mp4?dl=1
rphjb_GerarchieInfernali.mp4,,,https://www.dropbox.com/sh/xqaatugvq8zcoyu/AACnaG7ywbZUiVqSAl49uojPa/rphjb_GerarchieInfernali.mp4?dl=1
rphjb_GerarchieInfernali.mp3,,,https://www.dropbox.com/s/knbnesbri8wc43d/rphjb_GerarchieInfernali.mp3?dl=1
rphjb_GesuCoglione.mp4,,,https://www.dropbox.com/sh/xqaatugvq8zcoyu/AABdDjE98Ml8k0Xi_JgxAWoNa/rphjb_GesuCoglione.mp4?dl=1
rphjb_GesuCoglione.mp3,,,https://www.dropbox.com/s/3kjqajd2pbuuy4z/rphjb_GesuCoglione.mp3?dl=1
rphjb_GianniNeriCheFineHaiFatto.mp4,,,https://www.dropbox.com/sh/xqaatugvq8zcoyu/AABRn4UIXT49QMYTqlFuMNm9a/rphjb_GianniNeriCheFineHaiFatto.mp4?dl=1
rphjb_GianniNeriCoppiaMiciciale.mp4,,,https://www.dropbox.com/sh/xqaatugvq8zcoyu/AABQsDUbE5ywroSEi1-XdgDXa/rphjb_GianniNeriCoppiaMiciciale.mp4?dl=1
rphjb_GigiDAlessioAnnaTatangelo.mp3,,,https://www.dropbox.com/sh/xqaatugvq8zcoyu/AAAgtDle9p7AbG9ay6NhSAXia/rphjb_GigiDAlessioAnnaTatangelo.mp3?dl=1
rphjb_GiuGiuGiu.mp3,,,https://www.dropbox.com/sh/xqaatugvq8zcoyu/AADVBMe2qIWXpEzlJfqJ4eGLa/rphjb_GiuGiuGiu.mp3?dl=1
rphjb_GiudaFrocio.mp4,,,https://www.dropbox.com/sh/xqaatugvq8zcoyu/AAChCr1oLjnNbSDgP64WxTCza/rphjb_GiudaFrocio.mp4?dl=1
rphjb_Giudicate.mp4,,image/gif,https://www.dropbox.com/s/xfysod5n9j8furh/rphjb_Giudicate.mp4?dl=1
rphjb_GiudizioParolaFine.mp4,,,https://www.dropbox.com/s/w7lxbmlk2bqrh5o/rphjb_GiudizioParolaFine.mp4?dl=1
rphjb_Graffi.mp4,,image/gif,https://www.dropbox.com/s/nmtbu0ds82l47cl/rphjb_Graffi.mp4?dl=1
rphjb_Grazie.mp3,,,https://www.dropbox.com/sh/xqaatugvq8zcoyu/AACulmQ7Fco5yHiDKUgUhkv9a/rphjb_Grazie.mp3?dl=1
rphjb_Grazie.mp4,,,https://www.dropbox.com/sh/xqaatugvq8zcoyu/AABVcohUqzCRtI0ToJQrp36oa/rphjb_Grazie.mp4?dl=1
rphjb_GrazieGif.mp4,,image/gif,https://www.dropbox.com/s/pr6aczii1aktasj/rphjb_GrazieGif.mp4?dl=1
rphjb_Guardi.mp4,,image/gif,https://www.dropbox.com/s/f11fvfztd49ylz7/rphjb_Guardi.mp4?dl=1
rphjb_GuerraTotale.mp4,,,https://www.dropbox.com/sh/xqaatugvq8zcoyu/AABFyT_OXdmWyp9Nl97JEB3Ma/rphjb_GuerraTotale.mp4?dl=1
rphjb_GuerraTotaleGif.mp4,,image/gif,https://www.dropbox.com/s/pjobllgh825k35i/rphjb_GuerraTotaleGif.mp4?dl=1
rphjb_HoCapito.mp3,,,https://www.dropbox.com/sh/xqaatugvq8zcoyu/AABNhOeBClHMRGUxRF_qyMWUa/rphjb_HoCapito.mp3?dl=1
rphjb_Hollywood.mp4,,image/gif,https://www.dropbox.com/s/5v5cpgds102ysvk/rphjb_Hollywood.mp4?dl=1
rphjb_IlBongo.mp4,,image/gif,https://www.dropbox.com/s/elo7bd4btihbfza/rphjb_IlBongo.mp4?dl=1
rphjb_IlColpevole.mp3,,,https://www.dropbox.com/sh/xqaatugvq8zcoyu/AAATTDdefcvSqlYOH0i-2ARCa/rphjb_IlColpevole.mp3?dl=1
rphjb_IlMartel.mp4,,image/gif,https://www.dropbox.com/s/6rkav8rx86tp8w7/rphjb_IlMartel.mp4?dl=1
rphjb_IlSensoCapito.mp4,,image/gif,https://www.dropbox.com/s/3fszw8yoo5bnjap/rphjb_IlSensoCapito.mp4?dl=1
rphjb_ImparaASputareMignottaSchifose.mp4,,,https://www.dropbox.com/s/uje16pu7bxautsx/rphjb_ImparaASputareMignottaSchifose.mp4?dl=1
rphjb_InCantina.mp4,,,https://www.dropbox.com/sh/xqaatugvq8zcoyu/AADWEGUcINCeLWaxbjPhGMv-a/rphjb_InCantina.mp4?dl=1
rphjb_Incazzo.mp3,,,https://www.dropbox.com/sh/xqaatugvq8zcoyu/AADO4xv5jzFy4izHBIAKhJsJa/rphjb_Incazzo.mp3?dl=1
rphjb_Incazzo2.mp3,,,https://www.dropbox.com/sh/xqaatugvq8zcoyu/AADLqVC3SSb3wlPc9ZS1jaxRa/rphjb_Incazzo2.mp3?dl=1
rphjb_IncontratePerStrada.mp3,,,https://www.dropbox.com/sh/xqaatugvq8zcoyu/AAChuBdNaPfcYfKXrvD2YqEXa/rphjb_IncontratePerStrada.mp3?dl=1
rphjb_IncontratePerStrada.mp4,,image/gif,https://www.dropbox.com/s/8nggb6xb48857mv/rphjb_IncontratePerStrada.mp4?dl=1
rphjb_IncrinataLaVoceFrocio.mp3,,,https://www.dropbox.com/sh/xqaatugvq8zcoyu/AABQJw-Ld6mq12pcw8Z8grxJa/rphjb_IncrinataLaVoceFrocio.mp3?dl=1
rphjb_Indicare.mp4,,image/gif,https://www.dropbox.com/s/9li7d7kobiyxm3s/rphjb_Indicare.mp4?dl=1
rphjb_Indispettirmi.mp4,,image/gif,https://www.dropbox.com/s/dzynveqpmrj1r3u/rphjb_Indispettirmi.mp4?dl=1
rphjb_Infernale.mp3,,,https://www.dropbox.com/sh/xqaatugvq8zcoyu/AABaRuFig82CZ47MH1Gm4iaka/rphjb_Infernale.mp3?dl=1
rphjb_Infernali.mp3,,,https://www.dropbox.com/sh/xqaatugvq8zcoyu/AABCMopPdTAaB4s5jsWmQR-4a/rphjb_Infernali.mp3?dl=1
rphjb_Infernali.mp4,,image/gif,https://www.dropbox.com/s/jqnnm792iyfbgau/rphjb_Infernali.mp4?dl=1
rphjb_IngrassatoCinema.mp4,,,https://www.dropbox.com/s/nxwbixc6jco8b75/rphjb_IngrassatoCinema.mp4?dl=1
rphjb_InizioDellaFine.mp4,,,https://www.dropbox.com/sh/xqaatugvq8zcoyu/AACHkA8usYWRj_sDpwKI_FyIa/rphjb_InizioDellaFine.mp4?dl=1
rphjb_InizioDellaFineGif.mp4,,image/gif,https://www.dropbox.com/s/bvu2axreqhd8a61/rphjb_InizioDellaFineGif.mp4?dl=1
rphjb_InnoAllaMorte.mp4,,,https://www.dropbox.com/sh/xqaatugvq8zcoyu/AADtKV_286l90gUJCHSSkDdCa/rphjb_InnoAllaMorte.mp4?dl=1
rphjb_InnoSimposio.mp3,,,https://www.dropbox.com/sh/xqaatugvq8zcoyu/AADKc9OrTDFGmROdVegD-qCIa/rphjb_InnoSimposio.mp3?dl=1
rphjb_InnovazioneStiamoTornandoIndietro.mp4,,,https://www.dropbox.com/sh/xqaatugvq8zcoyu/AAA18DgpAiVRj_UJhpvmi7P1a/rphjb_InnovazioneStiamoTornandoIndietro.mp4?dl=1
rphjb_InPuntoDiMorte.mp4,,,https://www.dropbox.com/s/klhd25wqd46nv56/rphjb_InPuntoDiMorte.mp4?dl=1
rphjb_InsegnanteDiChitarraModerna.mp4,,,https://www.dropbox.com/sh/xqaatugvq8zcoyu/AACI9TELkp5MxIhcMXIy7kC-a/rphjb_InsegnanteDiChitarraModerna.mp4?dl=1
rphjb_Internet.mp4,,image/gif,https://www.dropbox.com/s/h4q1iptkgs40pqg/rphjb_Internet.mp4?dl=1
rphjb_InvestitoreGoverno.mp4,,,https://www.dropbox.com/s/bua4mpny9et4x08/rphjb_InvestitoreGoverno.mp4?dl=1
rphjb_IoMiAuguro.mp3,,,https://www.dropbox.com/sh/xqaatugvq8zcoyu/AAAzRcOpQuOBRdOSlsuSL4rDa/rphjb_IoMiAuguro.mp3?dl=1
rphjb_IoMiRicordoTutto.mp3,,,https://www.dropbox.com/sh/xqaatugvq8zcoyu/AAA69oDBPKzeyBjZwGX93TOza/rphjb_IoMiRicordoTutto.mp3?dl=1
rphjb_IoNo.mp3,,,https://www.dropbox.com/sh/xqaatugvq8zcoyu/AADnHbH4l8a-H3IeHVzlG5h2a/rphjb_IoNo.mp3?dl=1
rphjb_ItalianeUngheresi.mp3,,,https://www.dropbox.com/s/ea3mqxdp63ytz40/rphjb_ItalianeUngheresi.mp3?dl=1
rphjb_JovanottiUltimo.mp4,,,https://www.dropbox.com/s/ym5t11did8ss2x5/rphjb_JovanottiUltimo.mp4?dl=1
rphjb_KikoLoureiroSalvaSituazione.mp3,,,https://www.dropbox.com/sh/xqaatugvq8zcoyu/AADxDTlRZxyQ7aebG-rdfBGoa/rphjb_KikoLoureiroSalvaSituazione.mp3?dl=1
rphjb_LaMorte.mp4,,,https://www.dropbox.com/sh/xqaatugvq8zcoyu/AACZJ1XPBO4jZkJT18VmU6rba/rphjb_LaMorte.mp4?dl=1
rphjb_LaMorte2.mp4,,,https://www.dropbox.com/s/3turu7a3r8wyu50/rphjb_LaMorte2.mp4?dl=1
rphjb_LaMorteMicetta.mp4,,,https://www.dropbox.com/sh/xqaatugvq8zcoyu/AAAuHXZKnS9KXqfzBIxLlm13a/rphjb_LaMorteMicetta.mp4?dl=1
rphjb_LaRagazzaIndemoniata.mp4,,image/gif,https://www.dropbox.com/s/k7ajg04ydxypqx6/rphjb_LaRagazzaIndemoniata.mp4?dl=1
rphjb_Labbra.mp4,,image/gif,https://www.dropbox.com/s/51z3j09z5cr7tq9/rphjb_Labbra.mp4?dl=1
rphjb_Labbra.mp3,,,https://www.dropbox.com/sh/xqaatugvq8zcoyu/AADjFURAWC47oUTgbxsgDKTya/rphjb_Labbra.mp3?dl=1
rphjb_Labrie.mp4,,,https://www.dropbox.com/s/l8x3sxxbsbboqbk/rphjb_Labrie.mp4?dl=1
rphjb_LasciamiInPace.mp4,,image/gif,https://www.dropbox.com/s/yzz8b4g54uejjtf/rphjb_LasciamiInPace.mp4?dl=1
rphjb_LasciamiInPaceStronza.mp4,,,https://www.dropbox.com/sh/xqaatugvq8zcoyu/AAC9hfzl1UB9eBhmT-XF5PVta/rphjb_LasciamiInPaceStronza.mp4?dl=1
rphjb_LavareCazzo.mp3,,,https://www.dropbox.com/sh/xqaatugvq8zcoyu/AACKHB6_kkD79g1SlSOgGfn6a/rphjb_LavareCazzo.mp3?dl=1
rphjb_LavoraTu.mp3,,,https://www.dropbox.com/sh/xqaatugvq8zcoyu/AAD9vXUibBSYLpRqsWb2jSzBa/rphjb_LavoraTu.mp3?dl=1
rphjb_LavoraTu.mp4,,,https://www.dropbox.com/sh/xqaatugvq8zcoyu/AACwUEbuGNi-4wU8wIlLX1aea/rphjb_LavoraTu.mp4?dl=1
rphjb_LavoraTu2.mp4,,,https://www.dropbox.com/sh/xqaatugvq8zcoyu/AAB99NM_JaTd3uq-D-6amk0na/rphjb_LavoraTu2.mp4?dl=1
rphjb_LavoraTuGif.mp4,,image/gif,https://www.dropbox.com/s/5c4oimmox2ciagk/rphjb_LavoraTuGif.mp4?dl=1
rphjb_LeonNeon.mp4,,,https://www.dropbox.com/s/zlu5ssx2fz67ssf/rphjb_LeonNeon.mp4?dl=1
rphjb_LeTecnicheSonoTante.mp4,,,https://www.dropbox.com/s/91jxevccim6g9i9/rphjb_LeTecnicheSonoTante.mp4?dl=1
rphjb_LegatiSpago.mp4,,,https://www.dropbox.com/s/o9f3yr5nejuj301/rphjb_LegatiSpago.mp4?dl=1
rphjb_LetSGoodStateBene.mp3,,,https://www.dropbox.com/sh/xqaatugvq8zcoyu/AADnEsuxEhrbh22uuu1aPEpja/rphjb_LetSGoodStateBene.mp3?dl=1
rphjb_LetsGoodMyFriends.mp4,,,https://www.dropbox.com/sh/xqaatugvq8zcoyu/AABfo07BjSPmvOen484U5hhSa/rphjb_LetsGoodMyFriends.mp4?dl=1
rphjb_LettiSfattiDiversiMondi.mp4,,,https://www.dropbox.com/sh/xqaatugvq8zcoyu/AACAThimKKtEpSLCloFkB2V7a/rphjb_LettiSfattiDiversiMondi.mp4?dl=1
rphjb_LevatiDaiCoglioni.mp4,,image/gif,https://www.dropbox.com/s/ltajr3j59bqe94z/rphjb_LevatiDaiCoglioni.mp4?dl=1
rphjb_Liberi.mp4,,,https://www.dropbox.com/sh/xqaatugvq8zcoyu/AABzs22hDF1ZqQMAPGdoXVt_a/rphjb_Liberi.mp4?dl=1
rphjb_LibroGiallo.mp4,,,https://www.dropbox.com/s/6jruhaco3m8nfnz/rphjb_LibroGiallo.mp4?dl=1
rphjb_ListaMaleCollo.mp3,,,https://www.dropbox.com/sh/xqaatugvq8zcoyu/AADAy8mc9rpyyTKG2oJCM51ma/rphjb_ListaMaleCollo.mp3?dl=1
rphjb_LoDeviSpiegare.mp4,,,https://www.dropbox.com/s/g7pn0xtdctckqms/rphjb_LoDeviSpiegare.mp4?dl=1
rphjb_LoSapevoIo.mp3,,,https://www.dropbox.com/sh/xqaatugvq8zcoyu/AACLs6x-3a94oi7zpBmfi4h1a/rphjb_LoSapevoIo.mp3?dl=1
rphjb_Londra.mp4,,,https://www.dropbox.com/sh/xqaatugvq8zcoyu/AAA8wcQ1qFHTTUJSJL_4Anxga/rphjb_Londra.mp4?dl=1
rphjb_LucaDiNoia.mp3,,,https://www.dropbox.com/sh/xqaatugvq8zcoyu/AACgWVy4ncaTpYYOmaixp1iHa/rphjb_LucaDiNoia.mp3?dl=1
rphjb_LucaDiNoia2.mp3,,,https://www.dropbox.com/sh/xqaatugvq8zcoyu/AAD2ophmRrKcTR3ntLlWL8Kaa/rphjb_LucaDiNoia2.mp3?dl=1
rphjb_LucioDalla.mp3,,,https://www.dropbox.com/sh/xqaatugvq8zcoyu/AADyv4_CD5SaIMV6B9mxEdjLa/rphjb_LucioDalla.mp3?dl=1
rphjb_LunghezzaDOnda.mp4,,image/gif,https://www.dropbox.com/s/xi7ckod3yykpnal/rphjb_LunghezzaDOnda.mp4?dl=1
rphjb_MaCheCazzoEraQuellaRobaDroghe.mp3,,,https://www.dropbox.com/s/r3kdw9cs3l031y0/rphjb_MaCheCazzoEraQuellaRobaDroghe.mp3?dl=1
rphjb_MaCheCazzoStoDicendo.mp3,,,https://www.dropbox.com/sh/xqaatugvq8zcoyu/AAAUoNtA6hdizCyT7N1SoUdra/rphjb_MaCheCazzoStoDicendo.mp3?dl=1
rphjb_MaCheCazzoStoDicendo.mp4,,,https://www.dropbox.com/sh/xqaatugvq8zcoyu/AACxM203goCAmOonp8clZhIYa/rphjb_MaCheCazzoStoDicendo.mp4?dl=1
rphjb_MaCheCazzoStoDicendoGif.mp4,,image/gif,https://www.dropbox.com/s/4u69280ytvgwhsm/rphjb_MaCheCazzoStoDicendoGif.mp4?dl=1
rphjb_MaSgus.mp3,,,https://www.dropbox.com/sh/xqaatugvq8zcoyu/AACBnRH33traQAKBGy9bidu0a/rphjb_MaSgus.mp3?dl=1
rphjb_MaSgus.mp4,,image/gif,https://www.dropbox.com/s/0z5h5vmn7ax2jyp/rphjb_MaSgus..mp4?dl=1
rphjb_MaVatteneAffanculo.mp3,,,https://www.dropbox.com/sh/xqaatugvq8zcoyu/AACn-2FCe1d2kSDI8RGyuWd5a/rphjb_MaVatteneAffanculo.mp3?dl=1
rphjb_MaVatteneAffanculo.mp4,,image/gif,https://www.dropbox.com/s/qa9tyrwboofvkt8/rphjb_MaVatteneAffanculo.mp4?dl=1
rphjb_MadreTorturaParrucca.mp4,,,https://www.dropbox.com/sh/xqaatugvq8zcoyu/AACkP6usc-ZxDNh2U1ny_rCca/rphjb_MadreTorturaParrucca.mp4?dl=1
rphjb_Magari.mp3,,,https://www.dropbox.com/sh/xqaatugvq8zcoyu/AABdlK3tjGR_fJPl8NnDCSVia/rphjb_Magari.mp3?dl=1
rphjb_MaiErrori.mp4,,,https://www.dropbox.com/s/4ienzrkue5v2sil/rphjb_MaiErrori.mp4?dl=1
rphjb_MaiErroriGif.mp4,,image/gif,https://www.dropbox.com/s/jpjnh8s6wgjrdul/rphjb_MaiErroriGif.mp4?dl=1
rphjb_Maledetto.mp3,,,https://www.dropbox.com/sh/xqaatugvq8zcoyu/AAANAiSXQRRCdyCX2avbB4P_a/rphjb_Maledetto.mp3?dl=1
rphjb_MannaggiaLaSalute.mp4,,image/gif,https://www.dropbox.com/s/13fayiwtn92yqtg/rphjb_MannaggiaLaSalute.mp4?dl=1
rphjb_MatematiciAnaliticiDiNoia.mp3,,,https://www.dropbox.com/sh/xqaatugvq8zcoyu/AADYhrMlpyP-sS8p8dY8sYo1a/rphjb_MatematiciAnaliticiDiNoia.mp3?dl=1
rphjb_MatosShaman.mp3,,,https://www.dropbox.com/sh/xqaatugvq8zcoyu/AAAk4XN6lpblwogAUW0470Gwa/rphjb_MatosShaman.mp3?dl=1
rphjb_MattoRagazzi.gif,,,https://www.dropbox.com/sh/xqaatugvq8zcoyu/AAA5k9K7CyHq4hzvYMU6fbF-a/rphjb_MattoRagazzi.gif?dl=1
rphjb_MeNeVado.mp3,,,https://www.dropbox.com/sh/xqaatugvq8zcoyu/AACNbA4u4yeSz8MB9cqS9xfya/rphjb_MeNeVado.mp3?dl=1
rphjb_MeNeVado.mp4,,image/gif,https://www.dropbox.com/s/5ihcpj6dz14gvvd/rphjb_MeNeVado.mp4?dl=1
rphjb_MelensaStareMale.mp4,,,https://www.dropbox.com/sh/xqaatugvq8zcoyu/AADuC1jmdgFSChTcnOL51BWFa/rphjb_MelensaStareMale.mp4?dl=1
rphjb_MenoVolume.mp3,,,https://www.dropbox.com/sh/xqaatugvq8zcoyu/AAB7W3Doay3eZtShgkQSYiO1a/rphjb_MenoVolume.mp3?dl=1
rphjb_Merda.mp3,,,https://www.dropbox.com/sh/xqaatugvq8zcoyu/AAB94OcHSMlAo3u2wlyxa-dba/rphjb_Merda.mp3?dl=1
rphjb_Meridionale.mp4,,image/gif,https://www.dropbox.com/s/vje5rensk2ob0du/rphjb_Meridionale.mp4?dl=1
rphjb_Metal.mp4,,image/gif,https://www.dropbox.com/s/icu1u6p5exuwi14/rphjb_Metal.mp4?dl=1
rphjb_MetteteviInGinocchio.mp4,,,https://www.dropbox.com/sh/xqaatugvq8zcoyu/AABo_3ky0YvDnEZhpvLvt1TQa/rphjb_MetteteviInGinocchio.mp4?dl=1
rphjb_MettitiInFila.mp4,,image/gif,https://www.dropbox.com/s/0r55rs4imvau8fb/rphjb_MettitiInFila.mp4?dl=1
rphjb_MiFaStareMale.mp4,,image/gif,https://www.dropbox.com/s/db3cvg9eukdwg6a/rphjb_MiFaStareMale.mp4?dl=1
rphjb_MiPareLogico.mp3,,,https://www.dropbox.com/sh/xqaatugvq8zcoyu/AABGKDQp_WA9tR1xbHEakYXCa/rphjb_MiPareLogico.mp3?dl=1
rphjb_MiPareLogico.mp4,,image/gif,https://www.dropbox.com/s/simflmt4r6zo8mu/rphjb_MiPareLogico.mp4?dl=1
rphjb_MiPiaccio.mp4,,image/gif,https://www.dropbox.com/s/iwswnjpz5910hku/rphjb_MiPiaccio.mp4?dl=1
rphjb_MiPiaccio2.mp4,,,https://www.dropbox.com/s/cdx7273w9qia9pw/rphjb_MiPiaccio2.mp4?dl=1
rphjb_MiRompiErCazzo.mp4,,image/gif,https://www.dropbox.com/s/icver41yc6x7ako/rphjb_MiRompiErCazzo.mp4?dl=1
rphjb_MiSentoMeglio.mp3,,,https://www.dropbox.com/sh/xqaatugvq8zcoyu/AAAG0vOQkdQpKG6GTmeKAAgla/rphjb_MiSentoMeglio.mp3?dl=1
rphjb_MiStoSentendoMale.mp4,,image/gif,https://www.dropbox.com/s/9ov8mjdke77jumf/rphjb_MiStoSentendoMale.mp4?dl=1
rphjb_MiseroAntroGanciAgnelliPisciata.mp3,,,https://www.dropbox.com/s/o53xlphmx2ji686/rphjb_MiseroAntroGanciAgnelliPisciata.mp3?dl=1
rphjb_MiToccaIlCulo.mp3,,,https://www.dropbox.com/sh/xqaatugvq8zcoyu/AABug7b_X8sZTsIZBh_8mlwha/rphjb_MiToccaIlCulo.mp3?dl=1
rphjb_Micetta.mp4,,image/gif,https://www.dropbox.com/s/9638x96ygs3esx2/rphjb_Micetta.mp4?dl=1
rphjb_Mignotta.mp3,,,https://www.dropbox.com/sh/xqaatugvq8zcoyu/AABb25gR5mT42_dD7zfcxu2xa/rphjb_Mignotta.mp3?dl=1
rphjb_Mignotta.mp4,,image/gif,https://www.dropbox.com/s/qlyjwny046tft1x/rphjb_Mignotta.mp4?dl=1
rphjb_MortacciVostri.mp4,,,https://www.dropbox.com/sh/xqaatugvq8zcoyu/AADofRqadpc0n6o-acsLsg-7a/rphjb_MortacciVostri.mp4?dl=1
rphjb_MortacciVostriGif.mp4,,image/gif,https://www.dropbox.com/s/8glk2eg20r7v6u8/rphjb_MortacciVostriGif.mp4?dl=1
rphjb_Mula.mp4,,,https://www.dropbox.com/sh/xqaatugvq8zcoyu/AAA-B0UY4ZiC4SHl8KckHbBza/rphjb_Mula.mp4?dl=1
rphjb_NegriSezioneRitmica.mp3,,,https://www.dropbox.com/sh/xqaatugvq8zcoyu/AAAk8kYc9FpKsubnT-ygnyg9a/rphjb_NegriSezioneRitmica.mp3?dl=1
rphjb_NellaGola.mp4,,image/gif,https://www.dropbox.com/s/ost1p29uyfxcnj5/rphjb_NellaGola.mp4?dl=1
rphjb_NelleManiDiBonolis.mp3,,,https://www.dropbox.com/s/lbcwzcv2k7mbr8s/rphjb_NelleManiDiBonolis.mp3?dl=1
rphjb_No.mp4,,image/gif,https://www.dropbox.com/s/4kqjhjzc2rsau2e/rphjb_No.mp4?dl=1
rphjb_NoConsigli.mp4,,,https://www.dropbox.com/s/7wpvlez9vft2ctj/rphjb_NoConsigli.mp4?dl=1
rphjb_Nodi.mp4,,,https://www.dropbox.com/s/73zuimn618euv33/rphjb_Nodi.mp4?dl=1
rphjb_NonApriteQuellaPorta.mp4,,,https://www.dropbox.com/sh/xqaatugvq8zcoyu/AABOKiRftgj7dbC4042DbywCa/rphjb_NonApriteQuellaPorta.mp4?dl=1
rphjb_NonAveteCapitoUnCazzo.mp4,,,https://www.dropbox.com/sh/xqaatugvq8zcoyu/AACsm4E4_bc873xicVjXvt2Da/rphjb_NonAveteCapitoUnCazzo.mp4?dl=1
rphjb_NonAveteCapitoUnCazzoGif.mp4,,image/gif,https://www.dropbox.com/s/b8hn18esbvooejr/rphjb_NonAveteCapitoUnCazzoGif.mp4?dl=1
rphjb_NonCiCredete.mp3,,,https://www.dropbox.com/sh/xqaatugvq8zcoyu/AAByAsVMnRTsHSAQmvbPGdx3a/rphjb_NonCiCredete.mp3?dl=1
rphjb_NonCiCredete.mp4,,image/gif,https://www.dropbox.com/s/vsxotoryfnuurfg/rphjb_NonCiCredete.mp4?dl=1
rphjb_NonEVero.mp3,,,https://www.dropbox.com/sh/xqaatugvq8zcoyu/AAA7-SIquOIwlXRa2KZrOQpga/rphjb_NonEVero.mp3?dl=1
rphjb_NonHannoCapitoUnCazzo.mp3,,,https://www.dropbox.com/s/huhtkma2sug3ntg/rphjb_NonHannoCapitoUnCazzo.mp3?dl=1
rphjb_NonHoCapito.mp4,,image/gif,https://www.dropbox.com/s/flxfuomvghoh7o1/rphjb_NonHoCapito.mp4?dl=1
rphjb_NonHoDettoTutto.mp3,,,https://www.dropbox.com/sh/xqaatugvq8zcoyu/AAD_puOSP5NRhlnwUWE9tLCXa/rphjb_NonHoDettoTutto.mp3?dl=1
rphjb_NonLeggoQuelloCheScrivete.mp3,,,https://www.dropbox.com/sh/xqaatugvq8zcoyu/AABVQCQcEEz3VPcUGlgUQudka/rphjb_NonLeggoQuelloCheScrivete.mp3?dl=1
rphjb_NonLiSopporto.mp3,,,https://www.dropbox.com/sh/xqaatugvq8zcoyu/AAAs5js6--v4iMfP84HTOp86a/rphjb_NonLiSopporto.mp3?dl=1
rphjb_NonLiSopporto.mp4,,image/gif,https://www.dropbox.com/s/bql7n9zykw6qyz7/rphjb_NonLiSopporto.mp4?dl=1
rphjb_NonMale.mp4,,image/gif,https://www.dropbox.com/s/zkt9q800dl5c1lf/rphjb_NonMale.mp4?dl=1
rphjb_NonMancaNiente.mp4,,image/gif,https://www.dropbox.com/s/jltpeqqkiznvblt/rphjb_NonMancaNiente.mp4?dl=1
rphjb_NonMeNeFotte.mp4,,image/gif,https://www.dropbox.com/s/kzsxuihk8o8q5la/rphjb_NonMeNeFotte.mp4?dl=1
rphjb_NonMeNeFrega.mp4,,image/gif,https://www.dropbox.com/s/b3pctl5iu8f5zzy/rphjb_NonMeNeFrega.mp4?dl=1
rphjb_NonMiCalmo.mp3,,,https://www.dropbox.com/sh/xqaatugvq8zcoyu/AACGePXRHGT8L-Wv8V-LzxXna/rphjb_NonMiCalmo.mp3?dl=1
rphjb_NonMiFregaParloIo.mp4,,,https://www.dropbox.com/s/6ium5i12dvp87y9/rphjb_NonMiFregaParloIo.mp4?dl=1
rphjb_NonMiLamento.mp4,,image/gif,https://www.dropbox.com/s/sok5olpb3ru46dg/rphjb_NonMiLamento.mp4?dl=1
rphjb_NonMiMenzionareQuestaParola.mp4,,image/gif,https://www.dropbox.com/s/gp1h9wme6q4saxe/rphjb_NonMiMenzionareQuestaParola.mp4?dl=1
rphjb_NonMiRicordoPiu.mp3,,,https://www.dropbox.com/sh/xqaatugvq8zcoyu/AAB-7zDsbx1DK3Qm2DRotE_Ia/rphjb_NonMiRicordoPiu.mp3?dl=1
rphjb_NonMiStaBene.mp3,,,https://www.dropbox.com/sh/xqaatugvq8zcoyu/AAA9LMdseZEaBSOWUdVfbYiDa/rphjb_NonMiStaBene.mp3?dl=1
rphjb_NonMiStaBene.mp4,,,https://www.dropbox.com/sh/xqaatugvq8zcoyu/AADQH87zWPx9U6SXekSkKsV8a/rphjb_NonMiStaBene.mp4?dl=1
rphjb_NonMiStaBene2.mp3,,,https://www.dropbox.com/sh/xqaatugvq8zcoyu/AAC4QQmHi4Sr_O_SJukZM5kia/rphjb_NonMiStaBene2.mp3?dl=1
rphjb_NonMiStaBene2.mp4,,image/gif,https://www.dropbox.com/s/znoqzl9psadoo6p/rphjb_NonMiStaBene2.mp4?dl=1
rphjb_NonMiStaBeneGif.mp4,,image/gif,https://www.dropbox.com/s/wu80vq2wwr7zyr7/rphjb_NonMiStaBeneGif.mp4?dl=1
rphjb_Nonno.mp4,,,https://www.dropbox.com/s/28nxedbwrx33g2v/rphjb_Nonno.mp4?dl=1
rphjb_NonParlareTeTrasmissioneMia.mp3,,,https://www.dropbox.com/s/hkc73zgeabi5dxg/rphjb_NonParlareTeTrasmissioneMia.mp3?dl=1
rphjb_NonPossibile.mp4,,image/gif,https://www.dropbox.com/s/w0o0oh36z1rmhwl/rphjb_NonPossibile.mp4?dl=1
rphjb_NonPossibile2.mp4,,,https://www.dropbox.com/s/tistzwp38jmctvq/rphjb_NonPossibile2.mp4?dl=1
rphjb_NonPoteteGiudicarUrloThatsGood.mp4,,,https://www.dropbox.com/s/fcsytzlo1z91ue2/rphjb_NonPoteteGiudicarUrloThatsGood.mp4?dl=1
rphjb_NonSaiMolto.mp4,,image/gif,https://www.dropbox.com/s/1ist1ktakuhnnae/rphjb_NonSaiMolto.mp4?dl=1
rphjb_NonStoMaiMale.mp4,,,https://www.dropbox.com/s/qc0b968nquptxyn/rphjb_NonStoMaiMale.mp4?dl=1
rphjb_NonViDeludero.mp3,,,https://www.dropbox.com/sh/xqaatugvq8zcoyu/AAB8r7-mdB3eE848lF70IRmea/rphjb_NonViDeludero.mp3?dl=1
rphjb_NonVoglioNessuno.mp4,,,https://www.dropbox.com/sh/xqaatugvq8zcoyu/AABkpA4LCxbX-b72J_xpm-6wa/rphjb_NonVoglioNessuno.mp4?dl=1
rphjb_NonVoglioNessunoGif.mp4,,image/gif,https://www.dropbox.com/s/pdq9mqtin7a4h5e/rphjb_NonVoglioNessunoGif.mp4?dl=1
rphjb_Note.mp3,,,https://www.dropbox.com/sh/xqaatugvq8zcoyu/AAB60BSDq1TQPHsOEAA7PRXya/rphjb_Note.mp3?dl=1
rphjb_Note.mp4,,image/gif,https://www.dropbox.com/s/vxba561qw42peuv/rphjb_Note.mp4?dl=1
rphjb_Obama.mp4,,,https://www.dropbox.com/s/ljmuotgey2iznbb/rphjb_Obama.mp4?dl=1
rphjb_Occhiali.mp4,,image/gif,https://www.dropbox.com/s/h9c29gr78tll9w2/rphjb_Occhiali.mp4?dl=1
rphjb_Occhiolino.mp4,,image/gif,https://www.dropbox.com/s/2swxehd9wk1qsu6/rphjb_Occhiolino.mp4?dl=1
rphjb_OddioMioNo.mp3,,,https://www.dropbox.com/sh/xqaatugvq8zcoyu/AACjye8ChJ8aDVuA42uSYiMqa/rphjb_OddioMioNo.mp3?dl=1
rphjb_OddioMioNo.mp4,,,https://www.dropbox.com/sh/xqaatugvq8zcoyu/AADQdJsCZXZ_JL4TaF6tHb7Qa/rphjb_OddioMioNo.mp4?dl=1
rphjb_OddioMioNo2.mp3,,,https://www.dropbox.com/sh/xqaatugvq8zcoyu/AACMH02Ly_GdAaZeUvtGnfTJa/rphjb_OddioMioNo2.mp3?dl=1
rphjb_OddioMioNoGif.mp4,,image/gif,https://www.dropbox.com/s/oxg1rk2dk9c1uzj/rphjb_OddioMioNoGif.mp4?dl=1
rphjb_OgniVolta.mp3,,,https://www.dropbox.com/sh/xqaatugvq8zcoyu/AAB__mkcg-QrhlneTqUYlGT_a/rphjb_OgniVolta.mp3?dl=1
rphjb_OkGoodShowFriends.mp4,,image/gif,https://www.dropbox.com/s/qluwj0g76ej3z8f/rphjb_OkGoodShowFriends.mp4?dl=1
rphjb_OkGoodShowFriends2.mp4,,image/gif,https://www.dropbox.com/s/u84mz1i3gaz39iy/rphjb_OkGoodShowFriends2.mp4?dl=1
rphjb_OlioDiCroce.mp4,,image/gif,https://www.dropbox.com/s/15g5id57tmb6upm/rphjb_OlioDiCroce.mp4?dl=1
rphjb_Oppura.mp3,,,https://www.dropbox.com/sh/xqaatugvq8zcoyu/AACAvs3szttZC4SCo2tuGnX4a/rphjb_Oppura.mp3?dl=1
rphjb_Ordine.mp3,,,https://www.dropbox.com/sh/xqaatugvq8zcoyu/AACrgedPliEgXXqX0Rca3QmNa/rphjb_Ordine.mp3?dl=1
rphjb_Ordine.mp4,,,https://www.dropbox.com/sh/xqaatugvq8zcoyu/AAB-hAIeOm_dlnxgV-a1k5aba/rphjb_Ordine.mp4?dl=1
rphjb_OrecchieSensibiliRumoreLacrime.mp4,,,https://www.dropbox.com/sh/xqaatugvq8zcoyu/AAAg6zH6_eauGr_Avfw4vLpwa/rphjb_OrecchieSensibiliRumoreLacrime.mp4?dl=1
rphjb_OrmaiRisata.mp4,,,https://www.dropbox.com/sh/xqaatugvq8zcoyu/AAB-oecZdLi-opC8EK9MJ0naa/rphjb_OrmaiRisata.mp4?dl=1
rphjb_Ostina.mp4,,image/gif,https://www.dropbox.com/s/wc0mp1mwp220rgl/rphjb_Ostina.mp4?dl=1
rphjb_Palmizio.mp4,,,https://www.dropbox.com/sh/xqaatugvq8zcoyu/AABNgasOW0TgHPMJqnxPR7WFa/rphjb_Palmizio.mp4?dl=1
rphjb_PannaOcchialiSpalla.mp3,,,https://www.dropbox.com/sh/xqaatugvq8zcoyu/AAACl6kRlVl2IOIwn7vB4Q1Ca/rphjb_PannaOcchialiSpalla.mp3?dl=1
rphjb_Pantaloni.mp3,,,https://www.dropbox.com/sh/xqaatugvq8zcoyu/AAD_1crTmU0cejqxTwUXTSTea/rphjb_Pantaloni.mp3?dl=1
rphjb_Pantaloni.mp4,,,https://www.dropbox.com/s/cgdfixyd9uowjja/rphjb_Pantaloni.mp4?dl=1
rphjb_Pappalardo.mp3,,,https://www.dropbox.com/sh/xqaatugvq8zcoyu/AACmq0w2dMlKp0zKQw8v87q6a/rphjb_Pappalardo.mp3?dl=1
rphjb_Pappalardo.mp4,,,https://www.dropbox.com/sh/xqaatugvq8zcoyu/AAAl9MNFnPGuaVAnU5nbpwUpa/rphjb_Pappalardo.mp4?dl=1
rphjb_Paradosso.mp4,,,https://www.dropbox.com/sh/xqaatugvq8zcoyu/AAC6It6EFtUQiOvN0mAMdNI9a/rphjb_Paradosso.mp4?dl=1
rphjb_ParadossoGif.mp4,,image/gif,https://www.dropbox.com/s/k2jgyy4crfammzt/rphjb_ParadossoGif.mp4?dl=1
rphjb_Parla.mp4,,image/gif,https://www.dropbox.com/s/krtpaxe5x3ok4sf/rphjb_Parla.mp4?dl=1
rphjb_Parla2.mp4,,,https://www.dropbox.com/s/n4ur4b4ifvsx53y/rphjb_Parla2.mp4?dl=1
rphjb_Pasqua.mp4,,,https://www.dropbox.com/sh/xqaatugvq8zcoyu/AAD2oAKcw3GvG6QOodC0U1YSa/rphjb_Pasqua.mp4?dl=1
rphjb_PauraAdAlDiMeola.mp3,,,https://www.dropbox.com/s/60e4c2gr7z3xqzt/rphjb_PauraAdAlDiMeola.mp3?dl=1
rphjb_PeggioDelPeggio.mp4,,,https://www.dropbox.com/sh/xqaatugvq8zcoyu/AADCbnamwLT8vcBDCuHlLnuHa/rphjb_PeggioDelPeggio.mp4?dl=1
rphjb_PeggioDelPeggioGif.mp4,,image/gif,https://www.dropbox.com/s/cvt8g6yd8o9m55f/rphjb_PeggioDelPeggioGif.mp4?dl=1
rphjb_PellegrinaggioSimposioMetallo.mp4,,,https://www.dropbox.com/sh/xqaatugvq8zcoyu/AAD5sr0R7gq0GUhkzIzWpfVCa/rphjb_PellegrinaggioSimposioMetallo.mp4?dl=1
rphjb_PensatoATutto.mp3,,,https://www.dropbox.com/sh/xqaatugvq8zcoyu/AAAVeA1ipfn_EqRt6jKzYKxpa/rphjb_PensatoATutto.mp3?dl=1
rphjb_PercheCazzoMiHaiFattoVeni.mp3,,,https://www.dropbox.com/sh/xqaatugvq8zcoyu/AABUXD_kVdw4UGEkKIHDXLwca/rphjb_PercheCazzoMiHaiFattoVeni.mp3?dl=1
rphjb_PercheCazzoMiHaiFattoVeni.mp4,,,https://www.dropbox.com/s/ls5oc64qyawdv0t/rphjb_PercheCazzoMiHaiFattoVeni.mp4?dl=1
rphjb_PercheLHoFatto.mp3,,,https://www.dropbox.com/s/ds2paiq9s6rogz8/rphjb_PercheLHoFatto.mp3?dl=1
rphjb_PerfidiLacci.mp4,,,https://www.dropbox.com/s/llxscu4e7fmltmk/rphjb_PerfidiLacci.mp4?dl=1
rphjb_PerlaDiPioggia.mp4,,,https://www.dropbox.com/sh/xqaatugvq8zcoyu/AAA0wNCHaBU9FuXxlyGnOljpa/rphjb_PerlaDiPioggia.mp4?dl=1
rphjb_Permettere.mp3,,,https://www.dropbox.com/sh/xqaatugvq8zcoyu/AABn-_ToJOMJmSX5u-EiMfxLa/rphjb_Permettere.mp3?dl=1
rphjb_Permettere.mp4,,image/gif,https://www.dropbox.com/s/2qcieg706q01872/rphjb_Permettere.mp4?dl=1
rphjb_PesceAvariato.mp4,,,https://www.dropbox.com/s/1hf3ovw4l4az0vk/rphjb_PesceAvariato.mp4?dl=1
rphjb_PetrucciCapelliCorti.mp4,,,https://www.dropbox.com/sh/xqaatugvq8zcoyu/AAD3QEk7tEfQruE9ytvqQJr4a/rphjb_PetrucciCapelliCorti.mp4?dl=1
rphjb_PezziDiMerda.mp4,,image/gif,https://www.dropbox.com/s/wb8lty3mdzhnkhl/rphjb_PezziDiMerda.mp4?dl=1
rphjb_PianoSuperioreCompete.mp4,,image/gif,https://www.dropbox.com/s/wfhtoerrr2nlbey/rphjb_PianoSuperioreCompete.mp4?dl=1
rphjb_PigliandoPerIlCulo.mp3,,,https://www.dropbox.com/sh/xqaatugvq8zcoyu/AAA84yq1k1GLh1efeEfUbqF_a/rphjb_PigliandoPerIlCulo.mp3?dl=1
rphjb_PigliandoPerIlCulo.mp4,,image/gif,https://www.dropbox.com/s/847otmus147vgv7/rphjb_PigliandoPerIlCulo.mp4?dl=1
rphjb_PiuCoglione.mp4,,image/gif,https://www.dropbox.com/s/l5l8wwuka0yarpw/rphjb_PiuCoglione.mp4?dl=1
rphjb_Platinette.mp3,,,https://www.dropbox.com/s/igsd4nc20qe9eg6/rphjb_Platinette.mp3?dl=1
rphjb_Platinette.mp4,,,https://www.dropbox.com/s/mpki54zlgv2g2ho/rphjb_Platinette.mp4?dl=1
rphjb_PoesiaArtistiImpiegati.mp4,,,https://www.dropbox.com/sh/xqaatugvq8zcoyu/AAD68W2YPhbfLsDLAr6gzb3ma/rphjb_PoesiaArtistiImpiegati.mp4?dl=1
rphjb_PoesiaDirittoPaura.mp4,,,https://www.dropbox.com/s/bwyt6589jvr34km/rphjb_PoesiaDirittoPaura.mp4?dl=1
rphjb_PoesiaMadre.mp4,,,https://www.dropbox.com/sh/xqaatugvq8zcoyu/AACSQLstwYkKl0aBo8OnJ_zfa/rphjb_PoesiaMadre.mp4?dl=1
rphjb_PoesiaMaria.mp4,,,https://www.dropbox.com/sh/xqaatugvq8zcoyu/AAA5r_sx4XGNMTVF7JZ3yZrea/rphjb_PoesiaMaria.mp4?dl=1
rphjb_PoesiaRock.mp4,,,https://www.dropbox.com/sh/xqaatugvq8zcoyu/AADmlDdIGG74XG54AFH-0Dk7a/rphjb_PoesiaRock.mp4?dl=1
rphjb_Pollo.mp3,,,https://www.dropbox.com/sh/xqaatugvq8zcoyu/AAC-LHvoZmQ_HXD1VwzMpcnWa/rphjb_Pollo.mp3?dl=1
rphjb_Pollo.mp4,,,https://www.dropbox.com/sh/xqaatugvq8zcoyu/AACxL3DLTOs5pQI4t_85LcsYa/rphjb_Pollo.mp4?dl=1
rphjb_Pollo2.mp4,,,https://www.dropbox.com/sh/xqaatugvq8zcoyu/AADlULi97n-fLhTjct_EpoGsa/rphjb_Pollo2.mp4?dl=1
rphjb_PolloGif.mp4,,image/gif,https://www.dropbox.com/s/wmf4ib1g11ymamf/rphjb_PolloGif.mp4?dl=1
rphjb_PorcaMiseria.mp4,,image/gif,https://www.dropbox.com/s/tiik1b9i1svww2b/rphjb_PorcaMiseria.mp4?dl=1
rphjb_Porta.mp4,,image/gif,https://www.dropbox.com/s/udgnuj2m9szfj9g/rphjb_Porta.mp4?dl=1
rphjb_PortlandVancuverFanculo.mp4,,,https://www.dropbox.com/s/y3sccza7pgt9ia5/rphjb_PortlandVancuverFanculo.mp4?dl=1
rphjb_PoteriDemoniaci.mp3,,,https://www.dropbox.com/sh/xqaatugvq8zcoyu/AACVouA5Mc40SVNeJd_kQ2JXa/rphjb_PoteriDemoniaci.mp3?dl=1
rphjb_PoveriCretini.mp3,,,https://www.dropbox.com/sh/xqaatugvq8zcoyu/AACZCVME52AhThZyhK1r7ix1a/rphjb_PoveriCretini.mp3?dl=1
rphjb_PoveriIgnorantiLatteDrogaSoloGreggeSputo.mp4,,,https://www.dropbox.com/sh/xqaatugvq8zcoyu/AAChP82TroKqiX7nDyVwDk87a/rphjb_PoveriIgnorantiLatteDrogaSoloGreggeSputo.mp4?dl=1
rphjb_Prega.mp4,,image/gif,https://www.dropbox.com/s/hjgfm73x97ruuyu/rphjb_Prega.mp4?dl=1
rphjb_Prega2.mp4,,image/gif,https://www.dropbox.com/s/jrtozw5nwb35rte/rphjb_Prega2.mp4?dl=1
rphjb_PrendoIlNecessario.mp4,,image/gif,https://www.dropbox.com/s/2cq3du14kz2ve4x/rphjb_PrendoIlNecessario.mp4?dl=1
rphjb_Preservativo.mp3,,,https://www.dropbox.com/sh/xqaatugvq8zcoyu/AAAw0LYMjsCdNjc1HcZhXV5Sa/rphjb_Preservativo.mp3?dl=1
rphjb_PrimoSbaglio.mp3,,,https://www.dropbox.com/sh/xqaatugvq8zcoyu/AABPQcgreLcZmDlkcbOPfpyaa/rphjb_PrimoSbaglio.mp3?dl=1
rphjb_Problema.mp3,,,https://www.dropbox.com/sh/xqaatugvq8zcoyu/AACGQn_AOYwCzsWkVfOqHsaTa/rphjb_Problema.mp3?dl=1
rphjb_ProntoDimmi.mp4,,image/gif,https://www.dropbox.com/s/qlgwey3rxjzkt2l/rphjb_ProntoDimmi.mp4?dl=1
rphjb_ProntoDimmi2.mp4,,,https://www.dropbox.com/s/7n5jo6xoggeu0hl/rphjb_ProntoDimmi2.mp4?dl=1
rphjb_ProprioAMe.mp4,,image/gif,https://www.dropbox.com/s/6jy6n93pgfv1f1l/rphjb_ProprioAMe.mp4?dl=1
rphjb_Propriolla.mp4,,image/gif,https://www.dropbox.com/s/ywqv67ori8u78a2/rphjb_Propriolla.mp4?dl=1
rphjb_QuanteOre.mp4,,image/gif,https://www.dropbox.com/s/0u1owgso9z5r8mb/rphjb_QuanteOre.mp4?dl=1
rphjb_QuattroSolo.mp4,,image/gif,https://www.dropbox.com/s/ib6ozrlct07pwsc/rphjb_QuattroSolo.mp4?dl=1
rphjb_QuelPunto.mp4,,image/gif,https://www.dropbox.com/s/80hacer4l9fjloa/rphjb_QuelPunto.mp4?dl=1
rphjb_QuelloCheDicoIo.mp4,,image/gif,https://www.dropbox.com/s/slkkcxss4uz5ukz/rphjb_QuelloCheDicoIo.mp4?dl=1
rphjb_QuelloCheTiMeriti.mp4,,image/gif,https://www.dropbox.com/s/7yretvgkzoxw2u4/rphjb_QuelloCheTiMeriti.mp4?dl=1
rphjb_Querelare.mp4,,image/gif,https://www.dropbox.com/s/pyt1bmy4y5j0c7s/rphjb_Querelare.mp4?dl=1
rphjb_QuestaPersonaScusate.mp4,,image/gif,https://www.dropbox.com/s/zzwnti76e9444ui/rphjb_QuestaPersonaScusate.mp4?dl=1
rphjb_QuestaVoltaNo.mp3,,,https://www.dropbox.com/sh/xqaatugvq8zcoyu/AACyFdRLvrvyBOgy960zmWB4a/rphjb_QuestaVoltaNo.mp3?dl=1
rphjb_QuestaVoltaNo.mp4,,image/gif,https://www.dropbox.com/s/8ohh0w3r16e41su/rphjb_QuestaVoltaNo.mp4?dl=1
rphjb_QuestoSchifo.mp3,,,https://www.dropbox.com/sh/xqaatugvq8zcoyu/AAAvVe_bkc9QelAe9O1SqZNOa/rphjb_QuestoSchifo.mp3?dl=1
rphjb_RadioRockErrori.mp4,,,https://www.dropbox.com/sh/xqaatugvq8zcoyu/AADidXmbNby8wMPldvb7ahiua/rphjb_RadioRockErrori.mp4?dl=1
rphjb_RagazzettaCarne.mp3,,,https://www.dropbox.com/sh/xqaatugvq8zcoyu/AABYe12QRikhU-2wfIklli55a/rphjb_RagazzettaCarne.mp3?dl=1
rphjb_Ragione.mp4,,image/gif,https://www.dropbox.com/s/5ehw9kova3g25yh/rphjb_Ragione.mp4?dl=1
rphjb_Ramarro.mp4,,,https://www.dropbox.com/sh/xqaatugvq8zcoyu/AAC3WDhjZ27Dpf1gpreZT5iIa/rphjb_Ramarro.mp4?dl=1
rphjb_Rampolli.mp4,,,https://www.dropbox.com/sh/xqaatugvq8zcoyu/AAD2yfaagGCUL9iOhjScGpnya/rphjb_Rampolli.mp4?dl=1
rphjb_RapMusicaMelodicaListaCantanti.mp4,,,https://www.dropbox.com/sh/xqaatugvq8zcoyu/AAA-Dudlm-WicmM1uOReR098a/rphjb_RapMusicaMelodicaListaCantanti.mp4?dl=1
rphjb_Rebus.mp4,,,https://www.dropbox.com/s/qcjebnfp9yrfnh5/rphjb_Rebus.mp4?dl=1
rphjb_Regressive.mp4,,,https://www.dropbox.com/sh/xqaatugvq8zcoyu/AACUwbuzgRjF0XC1i8yIVM2ka/rphjb_Regressive.mp4?dl=1
rphjb_RelIllusions.mp4,,,https://www.dropbox.com/sh/xqaatugvq8zcoyu/AABoBZsi_uXAl1EgZdZQu8qFa/rphjb_RelIllusions.mp4?dl=1
rphjb_Ridicoli.mp4,,,https://www.dropbox.com/sh/xqaatugvq8zcoyu/AAB7OtU1SY79CM5ob9ayzVMSa/rphjb_Ridicoli.mp4?dl=1
rphjb_Rimpinzati.mp4,,image/gif,https://www.dropbox.com/s/6z2sefr7tmxjtq0/rphjb_Rimpinzati.mp4?dl=1
rphjb_RingraziareGianniTraffico.mp4,,,https://www.dropbox.com/sh/xqaatugvq8zcoyu/AABU9358R9JBdyECY5DECrJHa/rphjb_RingraziareGianniTraffico.mp4?dl=1
rphjb_Risata.mp3,,,https://www.dropbox.com/sh/xqaatugvq8zcoyu/AABWfo9MvTOZQmnSgHadSMdZa/rphjb_Risata.mp3?dl=1
rphjb_Risata.mp4,,,https://www.dropbox.com/sh/xqaatugvq8zcoyu/AABA5Ag0Zpb9YdEvqU_yi-Ora/rphjb_Risata.mp4?dl=1
rphjb_Risata2.mp3,,,https://www.dropbox.com/sh/xqaatugvq8zcoyu/AACMyTkR5MbmzQFoct82ukufa/rphjb_Risata2.mp3?dl=1
rphjb_RisataGif.mp4,,image/gif,https://www.dropbox.com/s/1fx5iuhzfzeuzpm/rphjb_RisataGif.mp4?dl=1
rphjb_RisataTrattenuta.mp4,,image/gif,https://www.dropbox.com/s/uq6mj2w918f62sh/rphjb_RisataTrattenuta.mp4?dl=1
rphjb_Rispondere.mp4,,image/gif,https://www.dropbox.com/s/bc2md38z0eswt3e/rphjb_Rispondere.mp4?dl=1
rphjb_Ritornata.mp3,,,https://www.dropbox.com/sh/xqaatugvq8zcoyu/AAAsGKVUNNSJ_TzDZuzFmHJya/rphjb_Ritornata.mp3?dl=1
rphjb_RobaPerMe.mp4,,,https://www.dropbox.com/sh/xqaatugvq8zcoyu/AAAfOpbszX-gKFJBOoCtWs9sa/rphjb_RobaPerMe.mp4?dl=1
rphjb_RobaPerMeGif.mp4,,image/gif,https://www.dropbox.com/s/q9y06lit7ndleev/rphjb_RobaPerMeGif.mp4?dl=1
rphjb_RocchettariCapelliCortiGiaccaCravattaPassaportoStronzi.mp4,,,https://www.dropbox.com/sh/xqaatugvq8zcoyu/AAATqD6wDhXGvO-UNPzgx-EXa/rphjb_RocchettariCapelliCortiGiaccaCravattaPassaportoStronzi.mp4?dl=1
rphjb_Rock.mp3,,,https://www.dropbox.com/sh/xqaatugvq8zcoyu/AACSouqrTG4Kn-AHFqZPTJ8Za/rphjb_Rock.mp3?dl=1
rphjb_Rock.mp4,,,https://www.dropbox.com/sh/xqaatugvq8zcoyu/AADjTw0G4VKG5JmEpuzdebgRa/rphjb_Rock.mp4?dl=1
rphjb_RockMachineIntro.mp4,,,https://www.dropbox.com/sh/xqaatugvq8zcoyu/AADiACoHoVaAhcbnFdeRFHwua/rphjb_RockMachineIntro.mp4?dl=1
rphjb_RomanticiDonneArCulo.mp3,,,https://www.dropbox.com/s/04rohxcxlx2u9xw/rphjb_RomanticiDonneArCulo.mp3?dl=1
rphjb_RottoIlCa.mp4,,,https://www.dropbox.com/sh/xqaatugvq8zcoyu/AACtc-T-JSTau16VluG5rd3Ca/rphjb_RottoIlCa.mp4?dl=1
rphjb_RovinarmiVintoIo.mp4,,,https://www.dropbox.com/s/ldrmsm6mqtd7k8o/rphjb_RovinarmiVintoIo.mp4?dl=1
rphjb_SarannoCazziVostri.mp3,,,https://www.dropbox.com/sh/xqaatugvq8zcoyu/AAAX_OyufrSPNxFTQZKixqAna/rphjb_SarannoCazziVostri.mp3?dl=1
rphjb_SareteCoglioniVoi.mp3,,,https://www.dropbox.com/sh/xqaatugvq8zcoyu/AABXb8TelGgkn-iiiZpQgGjBa/rphjb_SareteCoglioniVoi.mp3?dl=1
rphjb_SareteCoglioniVoi.mp4,,image/gif,https://www.dropbox.com/s/3jhxfxf04m8q2qo/rphjb_SareteCoglioniVoi.mp4?dl=1
rphjb_SaretePuniti.mp4,,image/gif,https://www.dropbox.com/s/5f7w70c4gnx16qn/rphjb_SaretePuniti.mp4?dl=1
rphjb_Sborrata.mp3,,,https://www.dropbox.com/sh/xqaatugvq8zcoyu/AABuFvjb-VN5ZNjDsyql2bIXa/rphjb_Sborrata.mp3?dl=1
rphjb_ScattaQualcosa.mp4,,image/gif,https://www.dropbox.com/s/eupauljebc2i4s3/rphjb_ScattaQualcosa.mp4?dl=1
rphjb_Scherzo.mp4,,image/gif,https://www.dropbox.com/s/yybftbl2rekzxkr/rphjb_Scherzo.mp4?dl=1
rphjb_Schifo.mp3,,,https://www.dropbox.com/sh/xqaatugvq8zcoyu/AAAfdMdV-91EhLTSJHmLN6Lca/rphjb_Schifo.mp3?dl=1
rphjb_SchifoseUltime.mp4,,image/gif,https://www.dropbox.com/s/c3qxivkbklagmul/rphjb_SchifoseUltime.mp4?dl=1
rphjb_SchifoseUltime2.mp4,,,https://www.dropbox.com/s/hrpd5lnfn81rrz2/rphjb_SchifoseUltime2.mp4?dl=1
rphjb_Schifosi.mp3,,,https://www.dropbox.com/sh/xqaatugvq8zcoyu/AAByCzAjDhqWixp-ndmN5QYta/rphjb_Schifosi.mp3?dl=1
rphjb_Schifosi.mp4,,,https://www.dropbox.com/sh/xqaatugvq8zcoyu/AAD97d8h8PFewknweG9vIUmga/rphjb_Schifosi.mp4?dl=1
rphjb_Schifosi2.mp3,,,https://www.dropbox.com/sh/xqaatugvq8zcoyu/AADRDssHhhEwXDJ7dCIyhmcqa/rphjb_Schifosi2.mp3?dl=1
rphjb_Schifosi2.mp4,,image/gif,https://www.dropbox.com/s/vd23xdn88s0rpob/rphjb_Schifosi2.mp4?dl=1
rphjb_Schifosi3.mp3,,,https://www.dropbox.com/sh/xqaatugvq8zcoyu/AADyHfr0K5qR23m9sW3v7ojUa/rphjb_Schifosi3.mp3?dl=1
rphjb_Schifosi3.mp4,,image/gif,https://www.dropbox.com/s/3laoqeqme6yef7n/rphjb_Schifosi3.mp4?dl=1
rphjb_Schifosi4.mp3,,,https://www.dropbox.com/sh/xqaatugvq8zcoyu/AADSHZMbT924v5RgC7M0CmjQa/rphjb_Schifosi4.mp3?dl=1
rphjb_Schifosi4.mp4,,,https://www.dropbox.com/s/tgqylmmmhkcfnbq/rphjb_Schifosi4.mp4?dl=1
rphjb_SchifosiGif.mp4,,image/gif,https://www.dropbox.com/s/shlxpgdcjo643i0/rphjb_SchifosiGif.mp4?dl=1
rphjb_Schifoso.mp4,,image/gif,https://www.dropbox.com/s/xy4gbuljbg6sowh/rphjb_Schifoso.mp4?dl=1
rphjb_SchifosoUltimi.mp4,,,https://www.dropbox.com/sh/xqaatugvq8zcoyu/AACdGbIG5GnPsjd4ons_JYC-a/rphjb_SchifosoUltimi.mp4?dl=1
rphjb_Scusa.mp3,,,https://www.dropbox.com/sh/xqaatugvq8zcoyu/AABJza_OZwDejGuIlelpXY8ma/rphjb_Scusa.mp3?dl=1
rphjb_SeiCambiata.mp4,,image/gif,https://www.dropbox.com/s/ajj6pdqpeyc7av7/rphjb_SeiCambiata.mp4?dl=1
rphjb_SembraLogico.mp4,,image/gif,https://www.dropbox.com/s/opg311a8uyk5naz/rphjb_SembraLogico.mp4?dl=1
rphjb_SentireOriginale.mp4,,image/gif,https://www.dropbox.com/s/7ocr84ya5sppgdg/rphjb_SentireOriginale.mp4?dl=1
rphjb_Senso.gif,,,https://www.dropbox.com/sh/xqaatugvq8zcoyu/AABiUFbEwAVmltFESwlwKlZoa/rphjb_Senso.gif?dl=1
rphjb_SepolturaRisata.mp4,,,https://www.dropbox.com/sh/xqaatugvq8zcoyu/AAAf9aUm6_Oaz9d_E0LT6yH8a/rphjb_SepolturaRisata.mp4?dl=1
rphjb_Sera.mp3,,,https://www.dropbox.com/sh/xqaatugvq8zcoyu/AAA1Q3tkJ-rL1s2VvQ_oHzfra/rphjb_Sera.mp3?dl=1
rphjb_Sguardo.mp4,,image/gif,https://www.dropbox.com/s/zhhm7j0ftlxlx5k/rphjb_Sguardo.mp4?dl=1
rphjb_Sguardo2.mp4,,image/gif,https://www.dropbox.com/s/q2muwzwy6gum8yj/rphjb_Sguardo2.mp4?dl=1
rphjb_Sguardo3.mp4,,image/gif,https://www.dropbox.com/s/8sh3zjuv6ivkvsg/rphjb_Sguardo3.mp4?dl=1
rphjb_Sguardo4.mp4,,image/gif,https://www.dropbox.com/s/3qf3oxhtrdwhoid/rphjb_Sguardo4.mp4?dl=1
rphjb_SguardoCanaro.mp4,,image/gif,https://www.dropbox.com/s/qw4xf6k4nmczubf/rphjb_SguardoCanaro.mp4?dl=1
rphjb_SiONo.mp4,,,https://www.dropbox.com/sh/xqaatugvq8zcoyu/AADl-NDUHuZSjwUl8BQQlmSda/rphjb_SiONo.mp4?dl=1
rphjb_SiScivola.mp3,,,https://www.dropbox.com/sh/xqaatugvq8zcoyu/AAATdv66BvZv1yPjbHi2EfRsa/rphjb_SiScivola.mp3?dl=1
rphjb_SiSente.mp4,,image/gif,https://www.dropbox.com/s/ay0juxe0myyulcl/rphjb_SiSente.mp4?dl=1
rphjb_SiamoQua.mp4,,image/gif,https://www.dropbox.com/s/d65lcnngz2x78re/rphjb_SiamoQua.mp4?dl=1
rphjb_Sigarette.mp4,,,https://www.dropbox.com/sh/xqaatugvq8zcoyu/AABI5rU1dDhMDavtd37qQBb-a/rphjb_Sigarette.mp4?dl=1
rphjb_Sindaco.mp3,,,https://www.dropbox.com/sh/xqaatugvq8zcoyu/AABjRi7e08xfHZ8as51_Ryk5a/rphjb_Sindaco.mp3?dl=1
rphjb_SoDiNonSapere.mp4,,,https://www.dropbox.com/sh/xqaatugvq8zcoyu/AADoSs9MbjPHi0Rj8lbRqsT9a/rphjb_SoDiNonSapere.mp4?dl=1
rphjb_SoDiNonSapereGif.mp4,,image/gif,https://www.dropbox.com/s/wnp38fkta5qi1ih/rphjb_SoDiNonSapereGif.mp4?dl=1
rphjb_Soffro.mp4,,image/gif,https://www.dropbox.com/s/jwxka7hnekr7sth/rphjb_Soffro.mp4?dl=1
rphjb_SoldiButtatiDiscotecaLaziale.mp3,,,https://www.dropbox.com/sh/xqaatugvq8zcoyu/AACAhen5q224Wbjh9qqpCxDoa/rphjb_SoldiButtatiDiscotecaLaziale.mp3?dl=1
rphjb_SoloIo.mp3,,,https://www.dropbox.com/sh/xqaatugvq8zcoyu/AAA0OOq9zkE7ziWUgxo7jMsBa/rphjb_SoloIo.mp3?dl=1
rphjb_SonoDemonio.mp4,,,https://www.dropbox.com/s/7akd7q5en5xd0yl/rphjb_SonoDemonio.mp4?dl=1
rphjb_SonoIoUltimo.mp3,,,https://www.dropbox.com/sh/xqaatugvq8zcoyu/AABboRcCXLh3PER8dDEt3xaNa/rphjb_SonoIoUltimo.mp3?dl=1
rphjb_SonoUltimo.mp3,,,https://www.dropbox.com/sh/xqaatugvq8zcoyu/AABe3fSiOaJ3fHVDLDjOVfwha/rphjb_SonoUltimo.mp3?dl=1
rphjb_Sorca.mp4,,,https://www.dropbox.com/sh/xqaatugvq8zcoyu/AAAfRVIE7cBQAALwGH8oZ0Tra/rphjb_Sorca.mp4?dl=1
rphjb_SorcaLecciso.mp4,,image/gif,https://www.dropbox.com/s/y7bugzuji5dmqj4/rphjb_SorcaLecciso.mp4?dl=1
rphjb_SorcaLecciso2.mp4,,,https://www.dropbox.com/s/sf7ruhdc2zot9sa/rphjb_SorcaLecciso2.mp4?dl=1
rphjb_Sorpresa.mp4,,image/gif,https://www.dropbox.com/s/7ogh2hk7gvmubm5/rphjb_Sorpresa.mp4?dl=1
rphjb_Sorpresa2.mp4,,image/gif,https://www.dropbox.com/s/jxhywrtkyhyyffw/rphjb_Sorpresa2.mp4?dl=1
rphjb_Sorriso.mp4,,image/gif,https://www.dropbox.com/s/b669tq1j16jgdue/rphjb_Sorriso.mp4?dl=1
rphjb_Sorriso2.gif,,,https://www.dropbox.com/sh/xqaatugvq8zcoyu/AAAt5Vz08fAHtwkhp27IQ32sa/rphjb_Sorriso2.gif?dl=1
rphjb_SorrisoSognante.mp4,,image/gif,https://www.dropbox.com/s/uv306n02q10e7dh/rphjb_SorrisoSognante.mp4?dl=1
rphjb_Sputo.mp4,,,https://www.dropbox.com/sh/xqaatugvq8zcoyu/AAC7NfPKb6dbwyMZj9XXXLQla/rphjb_Sputo.mp4?dl=1
rphjb_SputoGif.mp4,,image/gif,https://www.dropbox.com/s/r0cqpvli69vy6en/rphjb_SputoGif.mp4?dl=1
rphjb_Squallida.mp4,,image/gif,https://www.dropbox.com/s/wkcvnt4u3y1gyh3/rphjb_Squallida.mp4?dl=1
rphjb_Stanco.mp3,,,https://www.dropbox.com/sh/xqaatugvq8zcoyu/AABuQ-X9HUStx89ssTlcEnLaa/rphjb_Stanco.mp3?dl=1
rphjb_Stanco.mp4,,,https://www.dropbox.com/s/98g5k46ohpebam3/rphjb_Stanco.mp4?dl=1
rphjb_StateZittiZozziUltimi.mp3,,,https://www.dropbox.com/sh/xqaatugvq8zcoyu/AADXs8cLVPOhiLW9eEXXoVJLa/rphjb_StateZittiZozziUltimi.mp3?dl=1
rphjb_StatoBrado.mp4,,image/gif,https://www.dropbox.com/s/ir2kpvzidus22lp/rphjb_StatoBrado.mp4?dl=1
rphjb_SteveVaiRiciclando.mp4,,,https://www.dropbox.com/sh/xqaatugvq8zcoyu/AACPeB5Qf4JdGSvr0HsPENU_a/rphjb_SteveVaiRiciclando.mp4?dl=1
rphjb_StiamoNellaFollia.mp4,,,https://www.dropbox.com/sh/xqaatugvq8zcoyu/AAB8U1poY7UgA__1-SOi_eB0a/rphjb_StiamoNellaFollia.mp4?dl=1
rphjb_StoDiventandoPazzo.mp4,,image/gif,https://www.dropbox.com/s/zb4xildka0kzluq/rphjb_StoDiventandoPazzo.mp4?dl=1
rphjb_StoriaNonDetta.mp4,,,https://www.dropbox.com/s/c6wrymp32dhcy88/rphjb_StoriaNonDetta.mp4?dl=1
rphjb_StoriaVeraPienaBugie.mp4,,,https://www.dropbox.com/s/up71bhr7jgacpj3/rphjb_StoriaVeraPienaBugie.mp4?dl=1
rphjb_Storie.mp3,,,https://www.dropbox.com/sh/xqaatugvq8zcoyu/AABmv7OGgwRructLajSi34dGa/rphjb_Storie.mp3?dl=1
rphjb_Storie2.mp3,,,https://www.dropbox.com/sh/xqaatugvq8zcoyu/AABYdBONqMYTvrxYH1VfoOmja/rphjb_Storie2.mp3?dl=1
rphjb_StorieSonoTanteVecchiaccia.mp4,,,https://www.dropbox.com/sh/xqaatugvq8zcoyu/AACT3ayHTcAoXX3y2panMdDna/rphjb_StorieSonoTanteVecchiaccia.mp4?dl=1
rphjb_Streghe.mp4,,,https://www.dropbox.com/sh/xqaatugvq8zcoyu/AABL7Q4FEKzEUsUJ9lv0O3ZSa/rphjb_Streghe.mp4?dl=1
rphjb_StronzoFiglioMignotta.mp4,,,https://www.dropbox.com/sh/xqaatugvq8zcoyu/AABZl0HSlPzURig1whpjFIO2a/rphjb_StronzoFiglioMignotta.mp4?dl=1
rphjb_SuonatoAbbastanzaBeneEVero.mp3,,,https://www.dropbox.com/s/om2la8z86elwn9y/rphjb_SuonatoAbbastanzaBeneEVero.mp3?dl=1
rphjb_Tastierista.mp3,,,https://www.dropbox.com/sh/xqaatugvq8zcoyu/AAC4FYp9HYiwbzzsvmIVBMB2a/rphjb_Tastierista.mp3?dl=1
rphjb_TelefonataPilotata.mp4,,image/gif,https://www.dropbox.com/s/xw03cdhr7wibtvc/rphjb_TelefonataPilotata.mp4?dl=1
rphjb_Telefonata.mp4,,image/gif,https://www.dropbox.com/s/uiu08b1un0hbbrl/rphjb_Telefonata.mp4?dl=1
rphjb_TempoAlTempo.mp4,,,https://www.dropbox.com/s/pjr33ma8qmajyix/rphjb_TempoAlTempo.mp4?dl=1
rphjb_Terribile.mp3,,,https://www.dropbox.com/sh/xqaatugvq8zcoyu/AAAXDiE_LqVYkajQ2kweNXPDa/rphjb_Terribile.mp3?dl=1
rphjb_Terribile.mp4,,,https://www.dropbox.com/sh/xqaatugvq8zcoyu/AACHvJ36-WOFegft-n4bnls1a/rphjb_Terribile.mp4?dl=1
rphjb_TerribileGif.mp4,,image/gif,https://www.dropbox.com/s/2s2y13r7xrms3m3/rphjb_TerribileGif.mp4?dl=1
rphjb_TiDeviSpaventare.mp3,,,https://www.dropbox.com/sh/xqaatugvq8zcoyu/AACnaPUfo9d699c91GwLPcoMa/rphjb_TiDeviSpaventare.mp3?dl=1
rphjb_TiDeviSpaventare.mp4,,,https://www.dropbox.com/sh/xqaatugvq8zcoyu/AACwXOQyEv-1TQOFVSp1PZCua/rphjb_TiDeviSpaventare.mp4?dl=1
rphjb_TiDeviSpaventareGif.mp4,,image/gif,https://www.dropbox.com/s/wfrpcoslqoqpsnv/rphjb_TiDeviSpaventareGif.mp4?dl=1
rphjb_TiDistruggo.mp4,,image/gif,https://www.dropbox.com/s/k8ki6n6fx9fhwuq/rphjb_TiDistruggo.mp4?dl=1
rphjb_TiDovrestiVergognare.mp3,,,https://www.dropbox.com/s/fjhnlf32njs8nec/rphjb_TiDovrestiVergognare.mp3?dl=1
rphjb_TiDovrestiVergognare.mp4,,image/gif,https://www.dropbox.com/s/3ll8a8qoi6ywbqx/rphjb_TiDovrestiVergognare.mp4?dl=1
rphjb_TraICoglioni.mp4,,,https://www.dropbox.com/s/sgnt4v0lh9koc9w/rphjb_TraICoglioni.mp4?dl=1
rphjb_Trasformista.mp3,,,https://www.dropbox.com/sh/xqaatugvq8zcoyu/AAAWVwJsWzOkeWwwMP3dHRUpa/rphjb_Trasformista.mp3?dl=1
rphjb_Trasformista.mp4,,image/gif,https://www.dropbox.com/s/fgw60mxhf4zro3f/rphjb_Trasformista.mp4?dl=1
rphjb_TrovatoPaceGenitori.mp4,,,https://www.dropbox.com/s/3ejak8lvxiihj80/rphjb_TrovatoPaceGenitori.mp4?dl=1
rphjb_TruccareViaZara.mp3,,,https://www.dropbox.com/sh/xqaatugvq8zcoyu/AAAR6bDm_sGN7sTJNfvbzP8sa/rphjb_TruccareViaZara.mp3?dl=1
rphjb_TuCul.mp4,,image/gif,https://www.dropbox.com/s/hwd7b93iu7f89kj/rphjb_TuCul.mp4?dl=1
rphjb_Tuffo.mp4,,image/gif,https://www.dropbox.com/s/z2jqq5yp0jajnf5/rphjb_Tuffo.mp4?dl=1
rphjb_TuttaColpaMia.mp4,,,https://www.dropbox.com/s/2uhlqoi6b12yuuf/rphjb_TuttaColpaMia.mp4?dl=1
rphjb_UccidereUnaPersona.mp4,,,https://www.dropbox.com/sh/xqaatugvq8zcoyu/AABIRaQEu0bRSHRjHwJsT-Sda/rphjb_UccidereUnaPersona.mp4?dl=1
rphjb_Ultimi.mp4,,image/gif,https://www.dropbox.com/s/a250ugyd4ukzyjf/rphjb_Ultimi.mp4?dl=1
rphjb_UnCasinoComeAlSolito.mp4,,,https://www.dropbox.com/s/jvy121kkpor6rz9/rphjb_UnCasinoComeAlSolito.mp4?dl=1
rphjb_UnicoBravo.mp4,,,https://www.dropbox.com/sh/xqaatugvq8zcoyu/AADheZYKVLNlx5W_FUqF81ETa/rphjb_UnicoBravo.mp4?dl=1
rphjb_Urlo.mp4,,image/gif,https://www.dropbox.com/s/0n9u5m9ntwkn9ly/rphjb_Urlo.mp4?dl=1
rphjb_Urlo2.mp4,,image/gif,https://www.dropbox.com/s/d83akbiv6whuajv/rphjb_Urlo2.mp4?dl=1
rphjb_Urlo3.mp4,,image/gif,https://www.dropbox.com/s/igvmkznyjyqxpzr/rphjb_Urlo3.mp4?dl=1
rphjb_Urlo4.mp4,,image/gif,https://www.dropbox.com/s/nb0xnf42u4bslza/rphjb_Urlo4.mp4?dl=1
rphjb_UrloCanaro.mp4,,image/gif,https://www.dropbox.com/s/3cq6an2blhym5tt/rphjb_UrloCanaro.mp4?dl=1
rphjb_UrloRiso.mp4,,image/gif,https://www.dropbox.com/s/vvf6wglwtojgvmn/rphjb_UrloRiso.mp4?dl=1
rphjb_Uuu.mp4,,image/gif,https://www.dropbox.com/s/h12ea6hcbcjdea7/rphjb_Uuu.mp4?dl=1
rphjb_VabbeProblema.mp4,,image/gif,https://www.dropbox.com/s/c47sagdy5v6e94s/rphjb_VabbeProblema.mp4?dl=1
rphjb_Vecchio.mp4,,image/gif,https://www.dropbox.com/s/ptvyy3boqn9ff5a/rphjb_Vecchio.mp4?dl=1
rphjb_VedereAmico.mp3,,,https://www.dropbox.com/sh/xqaatugvq8zcoyu/AABIv-kT9_3hv85fh6b-4j2Ca/rphjb_VedereAmico.mp3?dl=1
rphjb_Venerdi.mp3,,,https://www.dropbox.com/sh/xqaatugvq8zcoyu/AACCyII-K_HRZya_CpaUaVJXa/rphjb_Venerdi.mp3?dl=1
rphjb_Venerdi.mp4,,,https://www.dropbox.com/sh/xqaatugvq8zcoyu/AACowucowQj9DGPz7rq20uaZa/rphjb_Venerdi.mp4?dl=1
rphjb_VeniteQua.mp3,,,https://www.dropbox.com/sh/xqaatugvq8zcoyu/AACfkDaC5gI6kcN9g9OImtjTa/rphjb_VeniteQua.mp3?dl=1
rphjb_VeniteQua.mp4,,,https://www.dropbox.com/sh/xqaatugvq8zcoyu/AAC3E9JH0sihVbfxms-sNt7za/rphjb_VeniteQua.mp4?dl=1
rphjb_VeniteQuaGif.mp4,,image/gif,https://www.dropbox.com/s/af9jo66vlhierjk/rphjb_VeniteQuaGif.mp4?dl=1
rphjb_Vergogna.mp3,,,https://www.dropbox.com/sh/xqaatugvq8zcoyu/AAApo8ErgilYrd0TC2QXK-jEa/rphjb_Vergogna.mp3?dl=1
rphjb_Vergogna.mp4,,,https://www.dropbox.com/sh/xqaatugvq8zcoyu/AABBtUmleTOwVG-QIvP6Gs-Ua/rphjb_Vergogna.mp4?dl=1
rphjb_Vergogna2.mp4,,image/gif,https://www.dropbox.com/s/vgsikm3d8yney1v/rphjb_Vergogna2.mp4?dl=1
rphjb_VergognaGif.mp4,,image/gif,https://www.dropbox.com/s/bzc83i0pavgii6v/rphjb_VergognaGif.mp4?dl=1
rphjb_VergognatiMatosFalasci.mp3,,,https://www.dropbox.com/sh/xqaatugvq8zcoyu/AADJEuuGbCtVjik85_XUBix6a/rphjb_VergognatiMatosFalasci.mp3?dl=1
rphjb_Verita.mp4,,image/gif,https://www.dropbox.com/s/l6mrlozjwmpr3yp/rphjb_Verita.mp4?dl=1
rphjb_Vero.mp4,,image/gif,https://www.dropbox.com/s/o873xh6x7gb82h2/rphjb_Vero.mp4?dl=1
rphjb_ViCalpesto.mp3,,,https://www.dropbox.com/sh/xqaatugvq8zcoyu/AAB1PXwSyPJo6FpuVt0uVA0Wa/rphjb_ViCalpesto.mp3?dl=1
rphjb_ViCalpesto.mp4,,,https://www.dropbox.com/sh/xqaatugvq8zcoyu/AAA-PD7zQdoIruH1gKcfPRMBa/rphjb_ViCalpesto.mp4?dl=1
rphjb_ViCalpestoGif.mp4,,image/gif,https://www.dropbox.com/s/8gnx4a55ts626jp/rphjb_ViCalpestoGif.mp4?dl=1
rphjb_ViDoveteSpaventare.mp4,,,https://www.dropbox.com/sh/xqaatugvq8zcoyu/AAB_EWB0HDED5rxIhSfH78x8a/rphjb_ViDoveteSpaventare.mp4?dl=1
rphjb_ViSaluto.mp3,,,https://www.dropbox.com/s/1goxmunlh0jp2bt/rphjb_ViSaluto.mp3?dl=1
rphjb_ViSpaccoIlCulo.mp3,,,https://www.dropbox.com/sh/xqaatugvq8zcoyu/AADej2FVrW9UYHTkX8qwRTToa/rphjb_ViSpaccoIlCulo.mp3?dl=1
rphjb_VialeZara.mp3,,,https://www.dropbox.com/s/gb1yhcmavr8tsc6/rphjb_VialeZara.mp3?dl=1
rphjb_Vigile.mp4,,,https://www.dropbox.com/s/wqm8dzw68nyqndb/rphjb_Vigile.mp4?dl=1
rphjb_VitaNemico.mp3,,,https://www.dropbox.com/sh/xqaatugvq8zcoyu/AABCmY7rDpGZi2LKNsedPzlua/rphjb_VitaNemico.mp3?dl=1
rphjb_VitaNemico.mp4,,,https://www.dropbox.com/sh/xqaatugvq8zcoyu/AABD3NyGoIpLwWOVSreIMQHla/rphjb_VitaNemico.mp4?dl=1
rphjb_VitaNemico2.mp4,,,https://www.dropbox.com/sh/xqaatugvq8zcoyu/AAAibOLuAGN7Sc7Lw4i6o918a/rphjb_VitaNemico2.mp4?dl=1
rphjb_VitaNemicoCervello.mp4,,,https://www.dropbox.com/sh/xqaatugvq8zcoyu/AADtYmx7NZfss3wlI5_KIQxma/rphjb_VitaNemicoCervello.mp4?dl=1
rphjb_VitaNemicoGif.mp4,,image/gif,https://www.dropbox.com/s/1bp5buhuc9v1pf6/rphjb_VitaNemicoGif.mp4?dl=1
rphjb_VivaNapoli.mp3,,,https://www.dropbox.com/sh/xqaatugvq8zcoyu/AABHNALHsYThDL9LFDHC6RTXa/rphjb_VivaNapoli.mp3?dl=1
rphjb_VivaNapoli.mp4,,image/gif,https://www.dropbox.com/s/syukh8jqwy0bbi9/rphjb_VivaNapoli.mp4?dl=1
rphjb_ViviMorti.mp4,,,https://www.dropbox.com/sh/xqaatugvq8zcoyu/AABZDx7TUx0PutG70XjByJHQa/rphjb_ViviMorti.mp4?dl=1
rphjb_VoceDaUomo.mp3,,,https://www.dropbox.com/sh/xqaatugvq8zcoyu/AACIhHcWnct-m3EpJNTm3LDMa/rphjb_VoceDaUomo.mp3?dl=1
rphjb_VoiNonAveteCapitoUnCazzo.mp4,,image/gif,https://www.dropbox.com/s/w56rpdwjtnbtjii/rphjb_VoiNonAveteCapitoUnCazzo.mp4?dl=1
rphjb_VolumeTelevisori.mp4,,,https://www.dropbox.com/s/rxfixvz24wkt67d/rphjb_VolumeTelevisori.mp4?dl=1
rphjb_WelaLetsGoodMyFriends.mp3,,,https://www.dropbox.com/sh/xqaatugvq8zcoyu/AAANxRV29GGC2Q3a3XzxyNo0a/rphjb_WelaLetsGoodMyFriends.mp3?dl=1
rphjb_WelaMyFriends.mp4,,,https://www.dropbox.com/sh/xqaatugvq8zcoyu/AACLVrJLkE4ZzRzXK82ZmlDKa/rphjb_WelaMyFriends.mp4?dl=1
rphjb_WhereAreYouGoing.mp4,,image/gif,https://www.dropbox.com/s/pzarlvry6g5t9r0/rphjb_WhereAreYouGoing.mp4?dl=1
rphjb_WTF.mp4,,image/gif,https://www.dropbox.com/s/v8pm08mosg8j317/rphjb_WTF.mp4?dl=1
rphjb_WTF2.mp4,,image/gif,https://www.dropbox.com/s/zoanglt0bgkb8gu/rphjb_WTF2.mp4?dl=1
rphjb_WTF3.mp4,,image/gif,https://www.dropbox.com/s/x0v3t7u5ffi25td/rphjb_WTF3.mp4?dl=1
rphjb_WTF4.mp4,,image/gif,https://www.dropbox.com/s/k37q0f64d2afo4t/rphjb_WTF4.mp4?dl=1
rphjb_Zucchero.mp3,,,https://www.dropbox.com/sh/xqaatugvq8zcoyu/AAAqGKv_dNIFjmeH6kDmVvEWa/rphjb_Zucchero.mp3?dl=1
rphjb_ZuccheroVanigliaCremaCioccolataPandoro.mp3,,,https://www.dropbox.com/sh/xqaatugvq8zcoyu/AABXq1vdOoLzNOGFF-vQiycca/rphjb_ZuccheroVanigliaCremaCioccolataPandoro.mp3?dl=1
